657,1333172439,2012-03-31T12:40:39.590113-07:00,rmun1,507,funny,150,1333197639,357,622,Animates_Everything
35,1333178161,2012-03-31T14:16:01.093638-07:00,rmun4,29,GifSound,6,1333203361,23,3,Gangsta_Raper
41,1333199913,2012-03-31T20:18:33.192906-07:00,rna86,32,GifSound,9,1333225113,23,0,Gangsta_Raper
10,1333252330,2012-04-01T10:52:10-07:00,ro7e4,6,GifSound,4,1333277530,2,0,Gangsta_Raper
65,1333272954,2012-04-01T16:35:54.393381-07:00,rooof,57,GifSound,8,1333298154,49,0,Gangsta_Raper
40,1333761060,2012-04-07T08:11:00-07:00,rxwjg,17,gifs,23,1333786260,-6,3,Hellothereawesome
104,1335503834,2012-04-27T12:17:14.103167-07:00,svpq7,67,fffffffuuuuuuuuuuuu,37,1335529034,30,12,Coco_32
13,1339160075,2012-06-08T19:54:35.421944-07:00,usmxn,5,funny,8,1339185275,-3,0,DrBis_Do
14,1339407879,2012-06-11T16:44:39.947798-07:00,uwzrd,6,funny,8,1339433079,-2,0,DrBis_Do
20,1339425291,2012-06-11T21:34:51.692933-07:00,uxf5q,9,pics,11,1339450491,-2,0,HadManySons
657,1333172439,2012-03-31T12:40:39.590113-07:00,rmun1,507,funny,150,1333197639,357,622,Animates_Everything
35,1333178161,2012-03-31T14:16:01.093638-07:00,rmun4,29,GifSound,6,1333203361,23,3,Gangsta_Raper
41,1333199913,2012-03-31T20:18:33.192906-07:00,rna86,32,GifSound,9,1333225113,23,0,Gangsta_Raper
10,1333252330,2012-04-01T10:52:10-07:00,ro7e4,6,GifSound,4,1333277530,2,0,Gangsta_Raper
65,1333272954,2012-04-01T16:35:54.393381-07:00,rooof,57,GifSound,8,1333298154,49,0,Gangsta_Raper
40,1333761060,2012-04-07T08:11:00-07:00,rxwjg,17,gifs,23,1333786260,-6,3,Hellothereawesome
104,1335503834,2012-04-27T12:17:14.103167-07:00,svpq7,67,fffffffuuuuuuuuuuuu,37,1335529034,30,12,Coco_32
13,1339160075,2012-06-08T19:54:35.421944-07:00,usmxn,5,funny,8,1339185275,-3,0,DrBis_Do
14,1339407879,2012-06-11T16:44:39.947798-07:00,uwzrd,6,funny,8,1339433079,-2,0,DrBis_Do
20,1339425291,2012-06-11T21:34:51.692933-07:00,uxf5q,9,pics,11,1339450491,-2,0,HadManySons
657,1333172439,2012-03-31T12:40:39.590113-07:00,rmun1,507,funny,150,1333197639,357,622,Animates_Everything
35,1333178161,2012-03-31T14:16:01.093638-07:00,rmun4,29,GifSound,6,1333203361,23,3,Gangsta_Raper
41,1333199913,2012-03-31T20:18:33.192906-07:00,rna86,32,GifSound,9,1333225113,23,0,Gangsta_Raper
10,1333252330,2012-04-01T10:52:10-07:00,ro7e4,6,GifSound,4,1333277530,2,0,Gangsta_Raper
65,1333272954,2012-04-01T16:35:54.393381-07:00,rooof,57,GifSound,8,1333298154,49,0,Gangsta_Raper
40,1333761060,2012-04-07T08:11:00-07:00,rxwjg,17,gifs,23,1333786260,-6,3,Hellothereawesome
104,1335503834,2012-04-27T12:17:14.103167-07:00,svpq7,67,fffffffuuuuuuuuuuuu,37,1335529034,30,12,Coco_32
13,1339160075,2012-06-08T19:54:35.421944-07:00,usmxn,5,funny,8,1339185275,-3,0,DrBis_Do
14,1339407879,2012-06-11T16:44:39.947798-07:00,uwzrd,6,funny,8,1339433079,-2,0,DrBis_Do
20,1339425291,2012-06-11T21:34:51.692933-07:00,uxf5q,9,pics,11,1339450491,-2,0,HadManySons
657,1333172439,2012-03-31T12:40:39.590113-07:00,rmun1,507,funny,150,1333197639,357,622,Animates_Everything
35,1333178161,2012-03-31T14:16:01.093638-07:00,rmun4,29,GifSound,6,1333203361,23,3,Gangsta_Raper
41,1333199913,2012-03-31T20:18:33.192906-07:00,rna86,32,GifSound,9,1333225113,23,0,Gangsta_Raper
10,1333252330,2012-04-01T10:52:10-07:00,ro7e4,6,GifSound,4,1333277530,2,0,Gangsta_Raper
65,1333272954,2012-04-01T16:35:54.393381-07:00,rooof,57,GifSound,8,1333298154,49,0,Gangsta_Raper
40,1333761060,2012-04-07T08:11:00-07:00,rxwjg,17,gifs,23,1333786260,-6,3,Hellothereawesome
104,1335503834,2012-04-27T12:17:14.103167-07:00,svpq7,67,fffffffuuuuuuuuuuuu,37,1335529034,30,12,Coco_32
13,1339160075,2012-06-08T19:54:35.421944-07:00,usmxn,5,funny,8,1339185275,-3,0,DrBis_Do
14,1339407879,2012-06-11T16:44:39.947798-07:00,uwzrd,6,funny,8,1339433079,-2,0,DrBis_Do
20,1339425291,2012-06-11T21:34:51.692933-07:00,uxf5q,9,pics,11,1339450491,-2,0,HadManySons
657,1333172439,2012-03-31T12:40:39.590113-07:00,rmun1,507,funny,150,1333197639,357,622,Animates_Everything
35,1333178161,2012-03-31T14:16:01.093638-07:00,rmun4,29,GifSound,6,1333203361,23,3,Gangsta_Raper
41,1333199913,2012-03-31T20:18:33.192906-07:00,rna86,32,GifSound,9,1333225113,23,0,Gangsta_Raper
10,1333252330,2012-04-01T10:52:10-07:00,ro7e4,6,GifSound,4,1333277530,2,0,Gangsta_Raper
65,1333272954,2012-04-01T16:35:54.393381-07:00,rooof,57,GifSound,8,1333298154,49,0,Gangsta_Raper
40,1333761060,2012-04-07T08:11:00-07:00,rxwjg,17,gifs,23,1333786260,-6,3,Hellothereawesome
104,1335503834,2012-04-27T12:17:14.103167-07:00,svpq7,67,fffffffuuuuuuuuuuuu,37,1335529034,30,12,Coco_32
13,1339160075,2012-06-08T19:54:35.421944-07:00,usmxn,5,funny,8,1339185275,-3,0,DrBis_Do
14,1339407879,2012-06-11T16:44:39.947798-07:00,uwzrd,6,funny,8,1339433079,-2,0,DrBis_Do
20,1339425291,2012-06-11T21:34:51.692933-07:00,uxf5q,9,pics,11,1339450491,-2,0,HadManySons
657,1333172439,2012-03-31T12:40:39.590113-07:00,rmun1,507,funny,150,1333197639,357,622,Animates_Everything
35,1333178161,2012-03-31T14:16:01.093638-07:00,rmun4,29,GifSound,6,1333203361,23,3,Gangsta_Raper
41,1333199913,2012-03-31T20:18:33.192906-07:00,rna86,32,GifSound,9,1333225113,23,0,Gangsta_Raper
10,1333252330,2012-04-01T10:52:10-07:00,ro7e4,6,GifSound,4,1333277530,2,0,Gangsta_Raper
65,1333272954,2012-04-01T16:35:54.393381-07:00,rooof,57,GifSound,8,1333298154,49,0,Gangsta_Raper
40,1333761060,2012-04-07T08:11:00-07:00,rxwjg,17,gifs,23,1333786260,-6,3,Hellothereawesome
104,1335503834,2012-04-27T12:17:14.103167-07:00,svpq7,67,fffffffuuuuuuuuuuuu,37,1335529034,30,12,Coco_32
13,1339160075,2012-06-08T19:54:35.421944-07:00,usmxn,5,funny,8,1339185275,-3,0,DrBis_Do
14,1339407879,2012-06-11T16:44:39.947798-07:00,uwzrd,6,funny,8,1339433079,-2,0,DrBis_Do
20,1339425291,2012-06-11T21:34:51.692933-07:00,uxf5q,9,pics,11,1339450491,-2,0,HadManySons
657,1333172439,2012-03-31T12:40:39.590113-07:00,rmun1,507,funny,150,1333197639,357,622,Animates_Everything
35,1333178161,2012-03-31T14:16:01.093638-07:00,rmun4,29,GifSound,6,1333203361,23,3,Gangsta_Raper
41,1333199913,2012-03-31T20:18:33.192906-07:00,rna86,32,GifSound,9,1333225113,23,0,Gangsta_Raper
10,1333252330,2012-04-01T10:52:10-07:00,ro7e4,6,GifSound,4,1333277530,2,0,Gangsta_Raper
65,1333272954,2012-04-01T16:35:54.393381-07:00,rooof,57,GifSound,8,1333298154,49,0,Gangsta_Raper
40,1333761060,2012-04-07T08:11:00-07:00,rxwjg,17,gifs,23,1333786260,-6,3,Hellothereawesome
104,1335503834,2012-04-27T12:17:14.103167-07:00,svpq7,67,fffffffuuuuuuuuuuuu,37,1335529034,30,12,Coco_32
13,1339160075,2012-06-08T19:54:35.421944-07:00,usmxn,5,funny,8,1339185275,-3,0,DrBis_Do
14,1339407879,2012-06-11T16:44:39.947798-07:00,uwzrd,6,funny,8,1339433079,-2,0,DrBis_Do
20,1339425291,2012-06-11T21:34:51.692933-07:00,uxf5q,9,pics,11,1339450491,-2,0,HadManySons
657,1333172439,2012-03-31T12:40:39.590113-07:00,rmun1,507,funny,150,1333197639,357,622,Animates_Everything
35,1333178161,2012-03-31T14:16:01.093638-07:00,rmun4,29,GifSound,6,1333203361,23,3,Gangsta_Raper
41,1333199913,2012-03-31T20:18:33.192906-07:00,rna86,32,GifSound,9,1333225113,23,0,Gangsta_Raper
10,1333252330,2012-04-01T10:52:10-07:00,ro7e4,6,GifSound,4,1333277530,2,0,Gangsta_Raper
65,1333272954,2012-04-01T16:35:54.393381-07:00,rooof,57,GifSound,8,1333298154,49,0,Gangsta_Raper
40,1333761060,2012-04-07T08:11:00-07:00,rxwjg,17,gifs,23,1333786260,-6,3,Hellothereawesome
104,1335503834,2012-04-27T12:17:14.103167-07:00,svpq7,67,fffffffuuuuuuuuuuuu,37,1335529034,30,12,Coco_32
13,1339160075,2012-06-08T19:54:35.421944-07:00,usmxn,5,funny,8,1339185275,-3,0,DrBis_Do
14,1339407879,2012-06-11T16:44:39.947798-07:00,uwzrd,6,funny,8,1339433079,-2,0,DrBis_Do
20,1339425291,2012-06-11T21:34:51.692933-07:00,uxf5q,9,pics,11,1339450491,-2,0,HadManySons
657,1333172439,2012-03-31T12:40:39.590113-07:00,rmun1,507,funny,150,1333197639,357,622,Animates_Everything
35,1333178161,2012-03-31T14:16:01.093638-07:00,rmun4,29,GifSound,6,1333203361,23,3,Gangsta_Raper
41,1333199913,2012-03-31T20:18:33.192906-07:00,rna86,32,GifSound,9,1333225113,23,0,Gangsta_Raper
10,1333252330,2012-04-01T10:52:10-07:00,ro7e4,6,GifSound,4,1333277530,2,0,Gangsta_Raper
65,1333272954,2012-04-01T16:35:54.393381-07:00,rooof,57,GifSound,8,1333298154,49,0,Gangsta_Raper
40,1333761060,2012-04-07T08:11:00-07:00,rxwjg,17,gifs,23,1333786260,-6,3,Hellothereawesome
104,1335503834,2012-04-27T12:17:14.103167-07:00,svpq7,67,fffffffuuuuuuuuuuuu,37,1335529034,30,12,Coco_32
13,1339160075,2012-06-08T19:54:35.421944-07:00,usmxn,5,funny,8,1339185275,-3,0,DrBis_Do
14,1339407879,2012-06-11T16:44:39.947798-07:00,uwzrd,6,funny,8,1339433079,-2,0,DrBis_Do
20,1339425291,2012-06-11T21:34:51.692933-07:00,uxf5q,9,pics,11,1339450491,-2,0,HadManySons
657,1333172439,2012-03-31T12:40:39.590113-07:00,rmun1,507,funny,150,1333197639,357,622,Animates_Everything
35,1333178161,2012-03-31T14:16:01.093638-07:00,rmun4,29,GifSound,6,1333203361,23,3,Gangsta_Raper
41,1333199913,2012-03-31T20:18:33.192906-07:00,rna86,32,GifSound,9,1333225113,23,0,Gangsta_Raper
10,1333252330,2012-04-01T10:52:10-07:00,ro7e4,6,GifSound,4,1333277530,2,0,Gangsta_Raper
65,1333272954,2012-04-01T16:35:54.393381-07:00,rooof,57,GifSound,8,1333298154,49,0,Gangsta_Raper
40,1333761060,2012-04-07T08:11:00-07:00,rxwjg,17,gifs,23,1333786260,-6,3,Hellothereawesome
104,1335503834,2012-04-27T12:17:14.103167-07:00,svpq7,67,fffffffuuuuuuuuuuuu,37,1335529034,30,12,Coco_32
13,1339160075,2012-06-08T19:54:35.421944-07:00,usmxn,5,funny,8,1339185275,-3,0,DrBis_Do
14,1339407879,2012-06-11T16:44:39.947798-07:00,uwzrd,6,funny,8,1339433079,-2,0,DrBis_Do
20,1339425291,2012-06-11T21:34:51.692933-07:00,uxf5q,9,pics,11,1339450491,-2,0,HadManySons
657,1333172439,2012-03-31T12:40:39.590113-07:00,rmun1,507,funny,150,1333197639,357,622,Animates_Everything
35,1333178161,2012-03-31T14:16:01.093638-07:00,rmun4,29,GifSound,6,1333203361,23,3,Gangsta_Raper
41,1333199913,2012-03-31T20:18:33.192906-07:00,rna86,32,GifSound,9,1333225113,23,0,Gangsta_Raper
10,1333252330,2012-04-01T10:52:10-07:00,ro7e4,6,GifSound,4,1333277530,2,0,Gangsta_Raper
65,1333272954,2012-04-01T16:35:54.393381-07:00,rooof,57,GifSound,8,1333298154,49,0,Gangsta_Raper
40,1333761060,2012-04-07T08:11:00-07:00,rxwjg,17,gifs,23,1333786260,-6,3,Hellothereawesome
104,1335503834,2012-04-27T12:17:14.103167-07:00,svpq7,67,fffffffuuuuuuuuuuuu,37,1335529034,30,12,Coco_32
13,1339160075,2012-06-08T19:54:35.421944-07:00,usmxn,5,funny,8,1339185275,-3,0,DrBis_Do
14,1339407879,2012-06-11T16:44:39.947798-07:00,uwzrd,6,funny,8,1339433079,-2,0,DrBis_Do
20,1339425291,2012-06-11T21:34:51.692933-07:00,uxf5q,9,pics,11,1339450491,-2,0,HadManySons
657,1333172439,2012-03-31T12:40:39.590113-07:00,rmun1,507,funny,150,1333197639,357,622,Animates_Everything
35,1333178161,2012-03-31T14:16:01.093638-07:00,rmun4,29,GifSound,6,1333203361,23,3,Gangsta_Raper
41,1333199913,2012-03-31T20:18:33.192906-07:00,rna86,32,GifSound,9,1333225113,23,0,Gangsta_Raper
10,1333252330,2012-04-01T10:52:10-07:00,ro7e4,6,GifSound,4,1333277530,2,0,Gangsta_Raper
65,1333272954,2012-04-01T16:35:54.393381-07:00,rooof,57,GifSound,8,1333298154,49,0,Gangsta_Raper
40,1333761060,2012-04-07T08:11:00-07:00,rxwjg,17,gifs,23,1333786260,-6,3,Hellothereawesome
104,1335503834,2012-04-27T12:17:14.103167-07:00,svpq7,67,fffffffuuuuuuuuuuuu,37,1335529034,30,12,Coco_32
13,1339160075,2012-06-08T19:54:35.421944-07:00,usmxn,5,funny,8,1339185275,-3,0,DrBis_Do
14,1339407879,2012-06-11T16:44:39.947798-07:00,uwzrd,6,funny,8,1339433079,-2,0,DrBis_Do
20,1339425291,2012-06-11T21:34:51.692933-07:00,uxf5q,9,pics,11,1339450491,-2,0,HadManySons
657,1333172439,2012-03-31T12:40:39.590113-07:00,rmun1,507,funny,150,1333197639,357,622,Animates_Everything
35,1333178161,2012-03-31T14:16:01.093638-07:00,rmun4,29,GifSound,6,1333203361,23,3,Gangsta_Raper
41,1333199913,2012-03-31T20:18:33.192906-07:00,rna86,32,GifSound,9,1333225113,23,0,Gangsta_Raper
10,1333252330,2012-04-01T10:52:10-07:00,ro7e4,6,GifSound,4,1333277530,2,0,Gangsta_Raper
65,1333272954,2012-04-01T16:35:54.393381-07:00,rooof,57,GifSound,8,1333298154,49,0,Gangsta_Raper
40,1333761060,2012-04-07T08:11:00-07:00,rxwjg,17,gifs,23,1333786260,-6,3,Hellothereawesome
104,1335503834,2012-04-27T12:17:14.103167-07:00,svpq7,67,fffffffuuuuuuuuuuuu,37,1335529034,30,12,Coco_32
13,1339160075,2012-06-08T19:54:35.421944-07:00,usmxn,5,funny,8,1339185275,-3,0,DrBis_Do
14,1339407879,2012-06-11T16:44:39.947798-07:00,uwzrd,6,funny,8,1339433079,-2,0,DrBis_Do
20,1339425291,2012-06-11T21:34:51.692933-07:00,uxf5q,9,pics,11,1339450491,-2,0,HadManySons
657,1333172439,2012-03-31T12:40:39.590113-07:00,rmun1,507,funny,150,1333197639,357,622,Animates_Everything
35,1333178161,2012-03-31T14:16:01.093638-07:00,rmun4,29,GifSound,6,1333203361,23,3,Gangsta_Raper
41,1333199913,2012-03-31T20:18:33.192906-07:00,rna86,32,GifSound,9,1333225113,23,0,Gangsta_Raper
10,1333252330,2012-04-01T10:52:10-07:00,ro7e4,6,GifSound,4,1333277530,2,0,Gangsta_Raper
65,1333272954,2012-04-01T16:35:54.393381-07:00,rooof,57,GifSound,8,1333298154,49,0,Gangsta_Raper
40,1333761060,2012-04-07T08:11:00-07:00,rxwjg,17,gifs,23,1333786260,-6,3,Hellothereawesome
104,1335503834,2012-04-27T12:17:14.103167-07:00,svpq7,67,fffffffuuuuuuuuuuuu,37,1335529034,30,12,Coco_32
13,1339160075,2012-06-08T19:54:35.421944-07:00,usmxn,5,funny,8,1339185275,-3,0,DrBis_Do
14,1339407879,2012-06-11T16:44:39.947798-07:00,uwzrd,6,funny,8,1339433079,-2,0,DrBis_Do
20,1339425291,2012-06-11T21:34:51.692933-07:00,uxf5q,9,pics,11,1339450491,-2,0,HadManySons
657,1333172439,2012-03-31T12:40:39.590113-07:00,rmun1,507,funny,150,1333197639,357,622,Animates_Everything
35,1333178161,2012-03-31T14:16:01.093638-07:00,rmun4,29,GifSound,6,1333203361,23,3,Gangsta_Raper
41,1333199913,2012-03-31T20:18:33.192906-07:00,rna86,32,GifSound,9,1333225113,23,0,Gangsta_Raper
10,1333252330,2012-04-01T10:52:10-07:00,ro7e4,6,GifSound,4,1333277530,2,0,Gangsta_Raper
65,1333272954,2012-04-01T16:35:54.393381-07:00,rooof,57,GifSound,8,1333298154,49,0,Gangsta_Raper
40,1333761060,2012-04-07T08:11:00-07:00,rxwjg,17,gifs,23,1333786260,-6,3,Hellothereawesome
104,1335503834,2012-04-27T12:17:14.103167-07:00,svpq7,67,fffffffuuuuuuuuuuuu,37,1335529034,30,12,Coco_32
13,1339160075,2012-06-08T19:54:35.421944-07:00,usmxn,5,funny,8,1339185275,-3,0,DrBis_Do
14,1339407879,2012-06-11T16:44:39.947798-07:00,uwzrd,6,funny,8,1339433079,-2,0,DrBis_Do
20,1339425291,2012-06-11T21:34:51.692933-07:00,uxf5q,9,pics,11,1339450491,-2,0,HadManySons
657,1333172439,2012-03-31T12:40:39.590113-07:00,rmun1,507,funny,150,1333197639,357,622,Animates_Everything
35,1333178161,2012-03-31T14:16:01.093638-07:00,rmun4,29,GifSound,6,1333203361,23,3,Gangsta_Raper
41,1333199913,2012-03-31T20:18:33.192906-07:00,rna86,32,GifSound,9,1333225113,23,0,Gangsta_Raper
10,1333252330,2012-04-01T10:52:10-07:00,ro7e4,6,GifSound,4,1333277530,2,0,Gangsta_Raper
65,1333272954,2012-04-01T16:35:54.393381-07:00,rooof,57,GifSound,8,1333298154,49,0,Gangsta_Raper
40,1333761060,2012-04-07T08:11:00-07:00,rxwjg,17,gifs,23,1333786260,-6,3,Hellothereawesome
104,1335503834,2012-04-27T12:17:14.103167-07:00,svpq7,67,fffffffuuuuuuuuuuuu,37,1335529034,30,12,Coco_32
13,1339160075,2012-06-08T19:54:35.421944-07:00,usmxn,5,funny,8,1339185275,-3,0,DrBis_Do
14,1339407879,2012-06-11T16:44:39.947798-07:00,uwzrd,6,funny,8,1339433079,-2,0,DrBis_Do
20,1339425291,2012-06-11T21:34:51.692933-07:00,uxf5q,9,pics,11,1339450491,-2,0,HadManySons
657,1333172439,2012-03-31T12:40:39.590113-07:00,rmun1,507,funny,150,1333197639,357,622,Animates_Everything
35,1333178161,2012-03-31T14:16:01.093638-07:00,rmun4,29,GifSound,6,1333203361,23,3,Gangsta_Raper
41,1333199913,2012-03-31T20:18:33.192906-07:00,rna86,32,GifSound,9,1333225113,23,0,Gangsta_Raper
10,1333252330,2012-04-01T10:52:10-07:00,ro7e4,6,GifSound,4,1333277530,2,0,Gangsta_Raper
65,1333272954,2012-04-01T16:35:54.393381-07:00,rooof,57,GifSound,8,1333298154,49,0,Gangsta_Raper
40,1333761060,2012-04-07T08:11:00-07:00,rxwjg,17,gifs,23,1333786260,-6,3,Hellothereawesome
104,1335503834,2012-04-27T12:17:14.103167-07:00,svpq7,67,fffffffuuuuuuuuuuuu,37,1335529034,30,12,Coco_32
13,1339160075,2012-06-08T19:54:35.421944-07:00,usmxn,5,funny,8,1339185275,-3,0,DrBis_Do
14,1339407879,2012-06-11T16:44:39.947798-07:00,uwzrd,6,funny,8,1339433079,-2,0,DrBis_Do
20,1339425291,2012-06-11T21:34:51.692933-07:00,uxf5q,9,pics,11,1339450491,-2,0,HadManySons
657,1333172439,2012-03-31T12:40:39.590113-07:00,rmun1,507,funny,150,1333197639,357,622,Animates_Everything
35,1333178161,2012-03-31T14:16:01.093638-07:00,rmun4,29,GifSound,6,1333203361,23,3,Gangsta_Raper
41,1333199913,2012-03-31T20:18:33.192906-07:00,rna86,32,GifSound,9,1333225113,23,0,Gangsta_Raper
10,1333252330,2012-04-01T10:52:10-07:00,ro7e4,6,GifSound,4,1333277530,2,0,Gangsta_Raper
65,1333272954,2012-04-01T16:35:54.393381-07:00,rooof,57,GifSound,8,1333298154,49,0,Gangsta_Raper
40,1333761060,2012-04-07T08:11:00-07:00,rxwjg,17,gifs,23,1333786260,-6,3,Hellothereawesome
104,1335503834,2012-04-27T12:17:14.103167-07:00,svpq7,67,fffffffuuuuuuuuuuuu,37,1335529034,30,12,Coco_32
13,1339160075,2012-06-08T19:54:35.421944-07:00,usmxn,5,funny,8,1339185275,-3,0,DrBis_Do
14,1339407879,2012-06-11T16:44:39.947798-07:00,uwzrd,6,funny,8,1339433079,-2,0,DrBis_Do
20,1339425291,2012-06-11T21:34:51.692933-07:00,uxf5q,9,pics,11,1339450491,-2,0,HadManySons
657,1333172439,2012-03-31T12:40:39.590113-07:00,rmun1,507,funny,150,1333197639,357,622,Animates_Everything
35,1333178161,2012-03-31T14:16:01.093638-07:00,rmun4,29,GifSound,6,1333203361,23,3,Gangsta_Raper
41,1333199913,2012-03-31T20:18:33.192906-07:00,rna86,32,GifSound,9,1333225113,23,0,Gangsta_Raper
10,1333252330,2012-04-01T10:52:10-07:00,ro7e4,6,GifSound,4,1333277530,2,0,Gangsta_Raper
65,1333272954,2012-04-01T16:35:54.393381-07:00,rooof,57,GifSound,8,1333298154,49,0,Gangsta_Raper
40,1333761060,2012-04-07T08:11:00-07:00,rxwjg,17,gifs,23,1333786260,-6,3,Hellothereawesome
104,1335503834,2012-04-27T12:17:14.103167-07:00,svpq7,67,fffffffuuuuuuuuuuuu,37,1335529034,30,12,Coco_32
13,1339160075,2012-06-08T19:54:35.421944-07:00,usmxn,5,funny,8,1339185275,-3,0,DrBis_Do
14,1339407879,2012-06-11T16:44:39.947798-07:00,uwzrd,6,funny,8,1339433079,-2,0,DrBis_Do
20,1339425291,2012-06-11T21:34:51.692933-07:00,uxf5q,9,pics,11,1339450491,-2,0,HadManySons
657,1333172439,2012-03-31T12:40:39.590113-07:00,rmun1,507,funny,150,1333197639,357,622,Animates_Everything
35,1333178161,2012-03-31T14:16:01.093638-07:00,rmun4,29,GifSound,6,1333203361,23,3,Gangsta_Raper
41,1333199913,2012-03-31T20:18:33.192906-07:00,rna86,32,GifSound,9,1333225113,23,0,Gangsta_Raper
10,1333252330,2012-04-01T10:52:10-07:00,ro7e4,6,GifSound,4,1333277530,2,0,Gangsta_Raper
65,1333272954,2012-04-01T16:35:54.393381-07:00,rooof,57,GifSound,8,1333298154,49,0,Gangsta_Raper
40,1333761060,2012-04-07T08:11:00-07:00,rxwjg,17,gifs,23,1333786260,-6,3,Hellothereawesome
104,1335503834,2012-04-27T12:17:14.103167-07:00,svpq7,67,fffffffuuuuuuuuuuuu,37,1335529034,30,12,Coco_32
13,1339160075,2012-06-08T19:54:35.421944-07:00,usmxn,5,funny,8,1339185275,-3,0,DrBis_Do
14,1339407879,2012-06-11T16:44:39.947798-07:00,uwzrd,6,funny,8,1339433079,-2,0,DrBis_Do
20,1339425291,2012-06-11T21:34:51.692933-07:00,uxf5q,9,pics,11,1339450491,-2,0,HadManySons
657,1333172439,2012-03-31T12:40:39.590113-07:00,rmun1,507,funny,150,1333197639,357,622,Animates_Everything
35,1333178161,2012-03-31T14:16:01.093638-07:00,rmun4,29,GifSound,6,1333203361,23,3,Gangsta_Raper
41,1333199913,2012-03-31T20:18:33.192906-07:00,rna86,32,GifSound,9,1333225113,23,0,Gangsta_Raper
10,1333252330,2012-04-01T10:52:10-07:00,ro7e4,6,GifSound,4,1333277530,2,0,Gangsta_Raper
65,1333272954,2012-04-01T16:35:54.393381-07:00,rooof,57,GifSound,8,1333298154,49,0,Gangsta_Raper
40,1333761060,2012-04-07T08:11:00-07:00,rxwjg,17,gifs,23,1333786260,-6,3,Hellothereawesome
104,1335503834,2012-04-27T12:17:14.103167-07:00,svpq7,67,fffffffuuuuuuuuuuuu,37,1335529034,30,12,Coco_32
13,1339160075,2012-06-08T19:54:35.421944-07:00,usmxn,5,funny,8,1339185275,-3,0,DrBis_Do
14,1339407879,2012-06-11T16:44:39.947798-07:00,uwzrd,6,funny,8,1339433079,-2,0,DrBis_Do
20,1339425291,2012-06-11T21:34:51.692933-07:00,uxf5q,9,pics,11,1339450491,-2,0,HadManySons
657,1333172439,2012-03-31T12:40:39.590113-07:00,rmun1,507,funny,150,1333197639,357,622,Animates_Everything
35,1333178161,2012-03-31T14:16:01.093638-07:00,rmun4,29,GifSound,6,1333203361,23,3,Gangsta_Raper
41,1333199913,2012-03-31T20:18:33.192906-07:00,rna86,32,GifSound,9,1333225113,23,0,Gangsta_Raper
10,1333252330,2012-04-01T10:52:10-07:00,ro7e4,6,GifSound,4,1333277530,2,0,Gangsta_Raper
65,1333272954,2012-04-01T16:35:54.393381-07:00,rooof,57,GifSound,8,1333298154,49,0,Gangsta_Raper
40,1333761060,2012-04-07T08:11:00-07:00,rxwjg,17,gifs,23,1333786260,-6,3,Hellothereawesome
104,1335503834,2012-04-27T12:17:14.103167-07:00,svpq7,67,fffffffuuuuuuuuuuuu,37,1335529034,30,12,Coco_32
13,1339160075,2012-06-08T19:54:35.421944-07:00,usmxn,5,funny,8,1339185275,-3,0,DrBis_Do
14,1339407879,2012-06-11T16:44:39.947798-07:00,uwzrd,6,funny,8,1339433079,-2,0,DrBis_Do
20,1339425291,2012-06-11T21:34:51.692933-07:00,uxf5q,9,pics,11,1339450491,-2,0,HadManySons
657,1333172439,2012-03-31T12:40:39.590113-07:00,rmun1,507,funny,150,1333197639,357,622,Animates_Everything
35,1333178161,2012-03-31T14:16:01.093638-07:00,rmun4,29,GifSound,6,1333203361,23,3,Gangsta_Raper
41,1333199913,2012-03-31T20:18:33.192906-07:00,rna86,32,GifSound,9,1333225113,23,0,Gangsta_Raper
10,1333252330,2012-04-01T10:52:10-07:00,ro7e4,6,GifSound,4,1333277530,2,0,Gangsta_Raper
65,1333272954,2012-04-01T16:35:54.393381-07:00,rooof,57,GifSound,8,1333298154,49,0,Gangsta_Raper
40,1333761060,2012-04-07T08:11:00-07:00,rxwjg,17,gifs,23,1333786260,-6,3,Hellothereawesome
104,1335503834,2012-04-27T12:17:14.103167-07:00,svpq7,67,fffffffuuuuuuuuuuuu,37,1335529034,30,12,Coco_32
13,1339160075,2012-06-08T19:54:35.421944-07:00,usmxn,5,funny,8,1339185275,-3,0,DrBis_Do
14,1339407879,2012-06-11T16:44:39.947798-07:00,uwzrd,6,funny,8,1339433079,-2,0,DrBis_Do
20,1339425291,2012-06-11T21:34:51.692933-07:00,uxf5q,9,pics,11,1339450491,-2,0,HadManySons
657,1333172439,2012-03-31T12:40:39.590113-07:00,rmun1,507,funny,150,1333197639,357,622,Animates_Everything
35,1333178161,2012-03-31T14:16:01.093638-07:00,rmun4,29,GifSound,6,1333203361,23,3,Gangsta_Raper
41,1333199913,2012-03-31T20:18:33.192906-07:00,rna86,32,GifSound,9,1333225113,23,0,Gangsta_Raper
10,1333252330,2012-04-01T10:52:10-07:00,ro7e4,6,GifSound,4,1333277530,2,0,Gangsta_Raper
65,1333272954,2012-04-01T16:35:54.393381-07:00,rooof,57,GifSound,8,1333298154,49,0,Gangsta_Raper
40,1333761060,2012-04-07T08:11:00-07:00,rxwjg,17,gifs,23,1333786260,-6,3,Hellothereawesome
104,1335503834,2012-04-27T12:17:14.103167-07:00,svpq7,67,fffffffuuuuuuuuuuuu,37,1335529034,30,12,Coco_32
13,1339160075,2012-06-08T19:54:35.421944-07:00,usmxn,5,funny,8,1339185275,-3,0,DrBis_Do
14,1339407879,2012-06-11T16:44:39.947798-07:00,uwzrd,6,funny,8,1339433079,-2,0,DrBis_Do
20,1339425291,2012-06-11T21:34:51.692933-07:00,uxf5q,9,pics,11,1339450491,-2,0,HadManySons
657,1333172439,2012-03-31T12:40:39.590113-07:00,rmun1,507,funny,150,1333197639,357,622,Animates_Everything
35,1333178161,2012-03-31T14:16:01.093638-07:00,rmun4,29,GifSound,6,1333203361,23,3,Gangsta_Raper
41,1333199913,2012-03-31T20:18:33.192906-07:00,rna86,32,GifSound,9,1333225113,23,0,Gangsta_Raper
10,1333252330,2012-04-01T10:52:10-07:00,ro7e4,6,GifSound,4,1333277530,2,0,Gangsta_Raper
65,1333272954,2012-04-01T16:35:54.393381-07:00,rooof,57,GifSound,8,1333298154,49,0,Gangsta_Raper
40,1333761060,2012-04-07T08:11:00-07:00,rxwjg,17,gifs,23,1333786260,-6,3,Hellothereawesome
104,1335503834,2012-04-27T12:17:14.103167-07:00,svpq7,67,fffffffuuuuuuuuuuuu,37,1335529034,30,12,Coco_32
13,1339160075,2012-06-08T19:54:35.421944-07:00,usmxn,5,funny,8,1339185275,-3,0,DrBis_Do
14,1339407879,2012-06-11T16:44:39.947798-07:00,uwzrd,6,funny,8,1339433079,-2,0,DrBis_Do
20,1339425291,2012-06-11T21:34:51.692933-07:00,uxf5q,9,pics,11,1339450491,-2,0,HadManySons
657,1333172439,2012-03-31T12:40:39.590113-07:00,rmun1,507,funny,150,1333197639,357,622,Animates_Everything
35,1333178161,2012-03-31T14:16:01.093638-07:00,rmun4,29,GifSound,6,1333203361,23,3,Gangsta_Raper
41,1333199913,2012-03-31T20:18:33.192906-07:00,rna86,32,GifSound,9,1333225113,23,0,Gangsta_Raper
10,1333252330,2012-04-01T10:52:10-07:00,ro7e4,6,GifSound,4,1333277530,2,0,Gangsta_Raper
65,1333272954,2012-04-01T16:35:54.393381-07:00,rooof,57,GifSound,8,1333298154,49,0,Gangsta_Raper
40,1333761060,2012-04-07T08:11:00-07:00,rxwjg,17,gifs,23,1333786260,-6,3,Hellothereawesome
104,1335503834,2012-04-27T12:17:14.103167-07:00,svpq7,67,fffffffuuuuuuuuuuuu,37,1335529034,30,12,Coco_32
13,1339160075,2012-06-08T19:54:35.421944-07:00,usmxn,5,funny,8,1339185275,-3,0,DrBis_Do
14,1339407879,2012-06-11T16:44:39.947798-07:00,uwzrd,6,funny,8,1339433079,-2,0,DrBis_Do
20,1339425291,2012-06-11T21:34:51.692933-07:00,uxf5q,9,pics,11,1339450491,-2,0,HadManySons
657,1333172439,2012-03-31T12:40:39.590113-07:00,rmun1,507,funny,150,1333197639,357,622,Animates_Everything
35,1333178161,2012-03-31T14:16:01.093638-07:00,rmun4,29,GifSound,6,1333203361,23,3,Gangsta_Raper
41,1333199913,2012-03-31T20:18:33.192906-07:00,rna86,32,GifSound,9,1333225113,23,0,Gangsta_Raper
10,1333252330,2012-04-01T10:52:10-07:00,ro7e4,6,GifSound,4,1333277530,2,0,Gangsta_Raper
65,1333272954,2012-04-01T16:35:54.393381-07:00,rooof,57,GifSound,8,1333298154,49,0,Gangsta_Raper
40,1333761060,2012-04-07T08:11:00-07:00,rxwjg,17,gifs,23,1333786260,-6,3,Hellothereawesome
104,1335503834,2012-04-27T12:17:14.103167-07:00,svpq7,67,fffffffuuuuuuuuuuuu,37,1335529034,30,12,Coco_32
13,1339160075,2012-06-08T19:54:35.421944-07:00,usmxn,5,funny,8,1339185275,-3,0,DrBis_Do
14,1339407879,2012-06-11T16:44:39.947798-07:00,uwzrd,6,funny,8,1339433079,-2,0,DrBis_Do
20,1339425291,2012-06-11T21:34:51.692933-07:00,uxf5q,9,pics,11,1339450491,-2,0,HadManySons
657,1333172439,2012-03-31T12:40:39.590113-07:00,rmun1,507,funny,150,1333197639,357,622,Animates_Everything
35,1333178161,2012-03-31T14:16:01.093638-07:00,rmun4,29,GifSound,6,1333203361,23,3,Gangsta_Raper
41,1333199913,2012-03-31T20:18:33.192906-07:00,rna86,32,GifSound,9,1333225113,23,0,Gangsta_Raper
10,1333252330,2012-04-01T10:52:10-07:00,ro7e4,6,GifSound,4,1333277530,2,0,Gangsta_Raper
65,1333272954,2012-04-01T16:35:54.393381-07:00,rooof,57,GifSound,8,1333298154,49,0,Gangsta_Raper
40,1333761060,2012-04-07T08:11:00-07:00,rxwjg,17,gifs,23,1333786260,-6,3,Hellothereawesome
104,1335503834,2012-04-27T12:17:14.103167-07:00,svpq7,67,fffffffuuuuuuuuuuuu,37,1335529034,30,12,Coco_32
13,1339160075,2012-06-08T19:54:35.421944-07:00,usmxn,5,funny,8,1339185275,-3,0,DrBis_Do
14,1339407879,2012-06-11T16:44:39.947798-07:00,uwzrd,6,funny,8,1339433079,-2,0,DrBis_Do
20,1339425291,2012-06-11T21:34:51.692933-07:00,uxf5q,9,pics,11,1339450491,-2,0,HadManySons
657,1333172439,2012-03-31T12:40:39.590113-07:00,rmun1,507,funny,150,1333197639,357,622,Animates_Everything
35,1333178161,2012-03-31T14:16:01.093638-07:00,rmun4,29,GifSound,6,1333203361,23,3,Gangsta_Raper
41,1333199913,2012-03-31T20:18:33.192906-07:00,rna86,32,GifSound,9,1333225113,23,0,Gangsta_Raper
10,1333252330,2012-04-01T10:52:10-07:00,ro7e4,6,GifSound,4,1333277530,2,0,Gangsta_Raper
65,1333272954,2012-04-01T16:35:54.393381-07:00,rooof,57,GifSound,8,1333298154,49,0,Gangsta_Raper
40,1333761060,2012-04-07T08:11:00-07:00,rxwjg,17,gifs,23,1333786260,-6,3,Hellothereawesome
104,1335503834,2012-04-27T12:17:14.103167-07:00,svpq7,67,fffffffuuuuuuuuuuuu,37,1335529034,30,12,Coco_32
13,1339160075,2012-06-08T19:54:35.421944-07:00,usmxn,5,funny,8,1339185275,-3,0,DrBis_Do
14,1339407879,2012-06-11T16:44:39.947798-07:00,uwzrd,6,funny,8,1339433079,-2,0,DrBis_Do
20,1339425291,2012-06-11T21:34:51.692933-07:00,uxf5q,9,pics,11,1339450491,-2,0,HadManySons
657,1333172439,2012-03-31T12:40:39.590113-07:00,rmun1,507,funny,150,1333197639,357,622,Animates_Everything
35,1333178161,2012-03-31T14:16:01.093638-07:00,rmun4,29,GifSound,6,1333203361,23,3,Gangsta_Raper
41,1333199913,2012-03-31T20:18:33.192906-07:00,rna86,32,GifSound,9,1333225113,23,0,Gangsta_Raper
10,1333252330,2012-04-01T10:52:10-07:00,ro7e4,6,GifSound,4,1333277530,2,0,Gangsta_Raper
65,1333272954,2012-04-01T16:35:54.393381-07:00,rooof,57,GifSound,8,1333298154,49,0,Gangsta_Raper
40,1333761060,2012-04-07T08:11:00-07:00,rxwjg,17,gifs,23,1333786260,-6,3,Hellothereawesome
104,1335503834,2012-04-27T12:17:14.103167-07:00,svpq7,67,fffffffuuuuuuuuuuuu,37,1335529034,30,12,Coco_32
13,1339160075,2012-06-08T19:54:35.421944-07:00,usmxn,5,funny,8,1339185275,-3,0,DrBis_Do
14,1339407879,2012-06-11T16:44:39.947798-07:00,uwzrd,6,funny,8,1339433079,-2,0,DrBis_Do
20,1339425291,2012-06-11T21:34:51.692933-07:00,uxf5q,9,pics,11,1339450491,-2,0,HadManySons
657,1333172439,2012-03-31T12:40:39.590113-07:00,rmun1,507,funny,150,1333197639,357,622,Animates_Everything
35,1333178161,2012-03-31T14:16:01.093638-07:00,rmun4,29,GifSound,6,1333203361,23,3,Gangsta_Raper
41,1333199913,2012-03-31T20:18:33.192906-07:00,rna86,32,GifSound,9,1333225113,23,0,Gangsta_Raper
10,1333252330,2012-04-01T10:52:10-07:00,ro7e4,6,GifSound,4,1333277530,2,0,Gangsta_Raper
65,1333272954,2012-04-01T16:35:54.393381-07:00,rooof,57,GifSound,8,1333298154,49,0,Gangsta_Raper
40,1333761060,2012-04-07T08:11:00-07:00,rxwjg,17,gifs,23,1333786260,-6,3,Hellothereawesome
104,1335503834,2012-04-27T12:17:14.103167-07:00,svpq7,67,fffffffuuuuuuuuuuuu,37,1335529034,30,12,Coco_32
13,1339160075,2012-06-08T19:54:35.421944-07:00,usmxn,5,funny,8,1339185275,-3,0,DrBis_Do
14,1339407879,2012-06-11T16:44:39.947798-07:00,uwzrd,6,funny,8,1339433079,-2,0,DrBis_Do
20,1339425291,2012-06-11T21:34:51.692933-07:00,uxf5q,9,pics,11,1339450491,-2,0,HadManySons
657,1333172439,2012-03-31T12:40:39.590113-07:00,rmun1,507,funny,150,1333197639,357,622,Animates_Everything
35,1333178161,2012-03-31T14:16:01.093638-07:00,rmun4,29,GifSound,6,1333203361,23,3,Gangsta_Raper
41,1333199913,2012-03-31T20:18:33.192906-07:00,rna86,32,GifSound,9,1333225113,23,0,Gangsta_Raper
10,1333252330,2012-04-01T10:52:10-07:00,ro7e4,6,GifSound,4,1333277530,2,0,Gangsta_Raper
65,1333272954,2012-04-01T16:35:54.393381-07:00,rooof,57,GifSound,8,1333298154,49,0,Gangsta_Raper
40,1333761060,2012-04-07T08:11:00-07:00,rxwjg,17,gifs,23,1333786260,-6,3,Hellothereawesome
104,1335503834,2012-04-27T12:17:14.103167-07:00,svpq7,67,fffffffuuuuuuuuuuuu,37,1335529034,30,12,Coco_32
13,1339160075,2012-06-08T19:54:35.421944-07:00,usmxn,5,funny,8,1339185275,-3,0,DrBis_Do
14,1339407879,2012-06-11T16:44:39.947798-07:00,uwzrd,6,funny,8,1339433079,-2,0,DrBis_Do
20,1339425291,2012-06-11T21:34:51.692933-07:00,uxf5q,9,pics,11,1339450491,-2,0,HadManySons
657,1333172439,2012-03-31T12:40:39.590113-07:00,rmun1,507,funny,150,1333197639,357,622,Animates_Everything
35,1333178161,2012-03-31T14:16:01.093638-07:00,rmun4,29,GifSound,6,1333203361,23,3,Gangsta_Raper
41,1333199913,2012-03-31T20:18:33.192906-07:00,rna86,32,GifSound,9,1333225113,23,0,Gangsta_Raper
10,1333252330,2012-04-01T10:52:10-07:00,ro7e4,6,GifSound,4,1333277530,2,0,Gangsta_Raper
65,1333272954,2012-04-01T16:35:54.393381-07:00,rooof,57,GifSound,8,1333298154,49,0,Gangsta_Raper
40,1333761060,2012-04-07T08:11:00-07:00,rxwjg,17,gifs,23,1333786260,-6,3,Hellothereawesome
104,1335503834,2012-04-27T12:17:14.103167-07:00,svpq7,67,fffffffuuuuuuuuuuuu,37,1335529034,30,12,Coco_32
13,1339160075,2012-06-08T19:54:35.421944-07:00,usmxn,5,funny,8,1339185275,-3,0,DrBis_Do
14,1339407879,2012-06-11T16:44:39.947798-07:00,uwzrd,6,funny,8,1339433079,-2,0,DrBis_Do
20,1339425291,2012-06-11T21:34:51.692933-07:00,uxf5q,9,pics,11,1339450491,-2,0,HadManySons
657,1333172439,2012-03-31T12:40:39.590113-07:00,rmun1,507,funny,150,1333197639,357,622,Animates_Everything
35,1333178161,2012-03-31T14:16:01.093638-07:00,rmun4,29,GifSound,6,1333203361,23,3,Gangsta_Raper
41,1333199913,2012-03-31T20:18:33.192906-07:00,rna86,32,GifSound,9,1333225113,23,0,Gangsta_Raper
10,1333252330,2012-04-01T10:52:10-07:00,ro7e4,6,GifSound,4,1333277530,2,0,Gangsta_Raper
65,1333272954,2012-04-01T16:35:54.393381-07:00,rooof,57,GifSound,8,1333298154,49,0,Gangsta_Raper
40,1333761060,2012-04-07T08:11:00-07:00,rxwjg,17,gifs,23,1333786260,-6,3,Hellothereawesome
104,1335503834,2012-04-27T12:17:14.103167-07:00,svpq7,67,fffffffuuuuuuuuuuuu,37,1335529034,30,12,Coco_32
13,1339160075,2012-06-08T19:54:35.421944-07:00,usmxn,5,funny,8,1339185275,-3,0,DrBis_Do
14,1339407879,2012-06-11T16:44:39.947798-07:00,uwzrd,6,funny,8,1339433079,-2,0,DrBis_Do
20,1339425291,2012-06-11T21:34:51.692933-07:00,uxf5q,9,pics,11,1339450491,-2,0,HadManySons
657,1333172439,2012-03-31T12:40:39.590113-07:00,rmun1,507,funny,150,1333197639,357,622,Animates_Everything
35,1333178161,2012-03-31T14:16:01.093638-07:00,rmun4,29,GifSound,6,1333203361,23,3,Gangsta_Raper
41,1333199913,2012-03-31T20:18:33.192906-07:00,rna86,32,GifSound,9,1333225113,23,0,Gangsta_Raper
10,1333252330,2012-04-01T10:52:10-07:00,ro7e4,6,GifSound,4,1333277530,2,0,Gangsta_Raper
65,1333272954,2012-04-01T16:35:54.393381-07:00,rooof,57,GifSound,8,1333298154,49,0,Gangsta_Raper
40,1333761060,2012-04-07T08:11:00-07:00,rxwjg,17,gifs,23,1333786260,-6,3,Hellothereawesome
104,1335503834,2012-04-27T12:17:14.103167-07:00,svpq7,67,fffffffuuuuuuuuuuuu,37,1335529034,30,12,Coco_32
13,1339160075,2012-06-08T19:54:35.421944-07:00,usmxn,5,funny,8,1339185275,-3,0,DrBis_Do
14,1339407879,2012-06-11T16:44:39.947798-07:00,uwzrd,6,funny,8,1339433079,-2,0,DrBis_Do
20,1339425291,2012-06-11T21:34:51.692933-07:00,uxf5q,9,pics,11,1339450491,-2,0,HadManySons
657,1333172439,2012-03-31T12:40:39.590113-07:00,rmun1,507,funny,150,1333197639,357,622,Animates_Everything
35,1333178161,2012-03-31T14:16:01.093638-07:00,rmun4,29,GifSound,6,1333203361,23,3,Gangsta_Raper
41,1333199913,2012-03-31T20:18:33.192906-07:00,rna86,32,GifSound,9,1333225113,23,0,Gangsta_Raper
10,1333252330,2012-04-01T10:52:10-07:00,ro7e4,6,GifSound,4,1333277530,2,0,Gangsta_Raper
65,1333272954,2012-04-01T16:35:54.393381-07:00,rooof,57,GifSound,8,1333298154,49,0,Gangsta_Raper
40,1333761060,2012-04-07T08:11:00-07:00,rxwjg,17,gifs,23,1333786260,-6,3,Hellothereawesome
104,1335503834,2012-04-27T12:17:14.103167-07:00,svpq7,67,fffffffuuuuuuuuuuuu,37,1335529034,30,12,Coco_32
13,1339160075,2012-06-08T19:54:35.421944-07:00,usmxn,5,funny,8,1339185275,-3,0,DrBis_Do
14,1339407879,2012-06-11T16:44:39.947798-07:00,uwzrd,6,funny,8,1339433079,-2,0,DrBis_Do
20,1339425291,2012-06-11T21:34:51.692933-07:00,uxf5q,9,pics,11,1339450491,-2,0,HadManySons
657,1333172439,2012-03-31T12:40:39.590113-07:00,rmun1,507,funny,150,1333197639,357,622,Animates_Everything
35,1333178161,2012-03-31T14:16:01.093638-07:00,rmun4,29,GifSound,6,1333203361,23,3,Gangsta_Raper
41,1333199913,2012-03-31T20:18:33.192906-07:00,rna86,32,GifSound,9,1333225113,23,0,Gangsta_Raper
10,1333252330,2012-04-01T10:52:10-07:00,ro7e4,6,GifSound,4,1333277530,2,0,Gangsta_Raper
65,1333272954,2012-04-01T16:35:54.393381-07:00,rooof,57,GifSound,8,1333298154,49,0,Gangsta_Raper
40,1333761060,2012-04-07T08:11:00-07:00,rxwjg,17,gifs,23,1333786260,-6,3,Hellothereawesome
104,1335503834,2012-04-27T12:17:14.103167-07:00,svpq7,67,fffffffuuuuuuuuuuuu,37,1335529034,30,12,Coco_32
13,1339160075,2012-06-08T19:54:35.421944-07:00,usmxn,5,funny,8,1339185275,-3,0,DrBis_Do
14,1339407879,2012-06-11T16:44:39.947798-07:00,uwzrd,6,funny,8,1339433079,-2,0,DrBis_Do
20,1339425291,2012-06-11T21:34:51.692933-07:00,uxf5q,9,pics,11,1339450491,-2,0,HadManySons
657,1333172439,2012-03-31T12:40:39.590113-07:00,rmun1,507,funny,150,1333197639,357,622,Animates_Everything
35,1333178161,2012-03-31T14:16:01.093638-07:00,rmun4,29,GifSound,6,1333203361,23,3,Gangsta_Raper
41,1333199913,2012-03-31T20:18:33.192906-07:00,rna86,32,GifSound,9,1333225113,23,0,Gangsta_Raper
10,1333252330,2012-04-01T10:52:10-07:00,ro7e4,6,GifSound,4,1333277530,2,0,Gangsta_Raper
65,1333272954,2012-04-01T16:35:54.393381-07:00,rooof,57,GifSound,8,1333298154,49,0,Gangsta_Raper
40,1333761060,2012-04-07T08:11:00-07:00,rxwjg,17,gifs,23,1333786260,-6,3,Hellothereawesome
104,1335503834,2012-04-27T12:17:14.103167-07:00,svpq7,67,fffffffuuuuuuuuuuuu,37,1335529034,30,12,Coco_32
13,1339160075,2012-06-08T19:54:35.421944-07:00,usmxn,5,funny,8,1339185275,-3,0,DrBis_Do
14,1339407879,2012-06-11T16:44:39.947798-07:00,uwzrd,6,funny,8,1339433079,-2,0,DrBis_Do
20,1339425291,2012-06-11T21:34:51.692933-07:00,uxf5q,9,pics,11,1339450491,-2,0,HadManySons
657,1333172439,2012-03-31T12:40:39.590113-07:00,rmun1,507,funny,150,1333197639,357,622,Animates_Everything
35,1333178161,2012-03-31T14:16:01.093638-07:00,rmun4,29,GifSound,6,1333203361,23,3,Gangsta_Raper
41,1333199913,2012-03-31T20:18:33.192906-07:00,rna86,32,GifSound,9,1333225113,23,0,Gangsta_Raper
10,1333252330,2012-04-01T10:52:10-07:00,ro7e4,6,GifSound,4,1333277530,2,0,Gangsta_Raper
65,1333272954,2012-04-01T16:35:54.393381-07:00,rooof,57,GifSound,8,1333298154,49,0,Gangsta_Raper
40,1333761060,2012-04-07T08:11:00-07:00,rxwjg,17,gifs,23,1333786260,-6,3,Hellothereawesome
104,1335503834,2012-04-27T12:17:14.103167-07:00,svpq7,67,fffffffuuuuuuuuuuuu,37,1335529034,30,12,Coco_32
13,1339160075,2012-06-08T19:54:35.421944-07:00,usmxn,5,funny,8,1339185275,-3,0,DrBis_Do
14,1339407879,2012-06-11T16:44:39.947798-07:00,uwzrd,6,funny,8,1339433079,-2,0,DrBis_Do
20,1339425291,2012-06-11T21:34:51.692933-07:00,uxf5q,9,pics,11,1339450491,-2,0,HadManySons
657,1333172439,2012-03-31T12:40:39.590113-07:00,rmun1,507,funny,150,1333197639,357,622,Animates_Everything
35,1333178161,2012-03-31T14:16:01.093638-07:00,rmun4,29,GifSound,6,1333203361,23,3,Gangsta_Raper
41,1333199913,2012-03-31T20:18:33.192906-07:00,rna86,32,GifSound,9,1333225113,23,0,Gangsta_Raper
10,1333252330,2012-04-01T10:52:10-07:00,ro7e4,6,GifSound,4,1333277530,2,0,Gangsta_Raper
65,1333272954,2012-04-01T16:35:54.393381-07:00,rooof,57,GifSound,8,1333298154,49,0,Gangsta_Raper
40,1333761060,2012-04-07T08:11:00-07:00,rxwjg,17,gifs,23,1333786260,-6,3,Hellothereawesome
104,1335503834,2012-04-27T12:17:14.103167-07:00,svpq7,67,fffffffuuuuuuuuuuuu,37,1335529034,30,12,Coco_32
13,1339160075,2012-06-08T19:54:35.421944-07:00,usmxn,5,funny,8,1339185275,-3,0,DrBis_Do
14,1339407879,2012-06-11T16:44:39.947798-07:00,uwzrd,6,funny,8,1339433079,-2,0,DrBis_Do
20,1339425291,2012-06-11T21:34:51.692933-07:00,uxf5q,9,pics,11,1339450491,-2,0,HadManySons
657,1333172439,2012-03-31T12:40:39.590113-07:00,rmun1,507,funny,150,1333197639,357,622,Animates_Everything
35,1333178161,2012-03-31T14:16:01.093638-07:00,rmun4,29,GifSound,6,1333203361,23,3,Gangsta_Raper
41,1333199913,2012-03-31T20:18:33.192906-07:00,rna86,32,GifSound,9,1333225113,23,0,Gangsta_Raper
10,1333252330,2012-04-01T10:52:10-07:00,ro7e4,6,GifSound,4,1333277530,2,0,Gangsta_Raper
65,1333272954,2012-04-01T16:35:54.393381-07:00,rooof,57,GifSound,8,1333298154,49,0,Gangsta_Raper
40,1333761060,2012-04-07T08:11:00-07:00,rxwjg,17,gifs,23,1333786260,-6,3,Hellothereawesome
104,1335503834,2012-04-27T12:17:14.103167-07:00,svpq7,67,fffffffuuuuuuuuuuuu,37,1335529034,30,12,Coco_32
13,1339160075,2012-06-08T19:54:35.421944-07:00,usmxn,5,funny,8,1339185275,-3,0,DrBis_Do
14,1339407879,2012-06-11T16:44:39.947798-07:00,uwzrd,6,funny,8,1339433079,-2,0,DrBis_Do
20,1339425291,2012-06-11T21:34:51.692933-07:00,uxf5q,9,pics,11,1339450491,-2,0,HadManySons
657,1333172439,2012-03-31T12:40:39.590113-07:00,rmun1,507,funny,150,1333197639,357,622,Animates_Everything
35,1333178161,2012-03-31T14:16:01.093638-07:00,rmun4,29,GifSound,6,1333203361,23,3,Gangsta_Raper
41,1333199913,2012-03-31T20:18:33.192906-07:00,rna86,32,GifSound,9,1333225113,23,0,Gangsta_Raper
10,1333252330,2012-04-01T10:52:10-07:00,ro7e4,6,GifSound,4,1333277530,2,0,Gangsta_Raper
65,1333272954,2012-04-01T16:35:54.393381-07:00,rooof,57,GifSound,8,1333298154,49,0,Gangsta_Raper
40,1333761060,2012-04-07T08:11:00-07:00,rxwjg,17,gifs,23,1333786260,-6,3,Hellothereawesome
104,1335503834,2012-04-27T12:17:14.103167-07:00,svpq7,67,fffffffuuuuuuuuuuuu,37,1335529034,30,12,Coco_32
13,1339160075,2012-06-08T19:54:35.421944-07:00,usmxn,5,funny,8,1339185275,-3,0,DrBis_Do
14,1339407879,2012-06-11T16:44:39.947798-07:00,uwzrd,6,funny,8,1339433079,-2,0,DrBis_Do
20,1339425291,2012-06-11T21:34:51.692933-07:00,uxf5q,9,pics,11,1339450491,-2,0,HadManySons
657,1333172439,2012-03-31T12:40:39.590113-07:00,rmun1,507,funny,150,1333197639,357,622,Animates_Everything
35,1333178161,2012-03-31T14:16:01.093638-07:00,rmun4,29,GifSound,6,1333203361,23,3,Gangsta_Raper
41,1333199913,2012-03-31T20:18:33.192906-07:00,rna86,32,GifSound,9,1333225113,23,0,Gangsta_Raper
10,1333252330,2012-04-01T10:52:10-07:00,ro7e4,6,GifSound,4,1333277530,2,0,Gangsta_Raper
65,1333272954,2012-04-01T16:35:54.393381-07:00,rooof,57,GifSound,8,1333298154,49,0,Gangsta_Raper
40,1333761060,2012-04-07T08:11:00-07:00,rxwjg,17,gifs,23,1333786260,-6,3,Hellothereawesome
104,1335503834,2012-04-27T12:17:14.103167-07:00,svpq7,67,fffffffuuuuuuuuuuuu,37,1335529034,30,12,Coco_32
13,1339160075,2012-06-08T19:54:35.421944-07:00,usmxn,5,funny,8,1339185275,-3,0,DrBis_Do
14,1339407879,2012-06-11T16:44:39.947798-07:00,uwzrd,6,funny,8,1339433079,-2,0,DrBis_Do
20,1339425291,2012-06-11T21:34:51.692933-07:00,uxf5q,9,pics,11,1339450491,-2,0,HadManySons
657,1333172439,2012-03-31T12:40:39.590113-07:00,rmun1,507,funny,150,1333197639,357,622,Animates_Everything
35,1333178161,2012-03-31T14:16:01.093638-07:00,rmun4,29,GifSound,6,1333203361,23,3,Gangsta_Raper
41,1333199913,2012-03-31T20:18:33.192906-07:00,rna86,32,GifSound,9,1333225113,23,0,Gangsta_Raper
10,1333252330,2012-04-01T10:52:10-07:00,ro7e4,6,GifSound,4,1333277530,2,0,Gangsta_Raper
65,1333272954,2012-04-01T16:35:54.393381-07:00,rooof,57,GifSound,8,1333298154,49,0,Gangsta_Raper
40,1333761060,2012-04-07T08:11:00-07:00,rxwjg,17,gifs,23,1333786260,-6,3,Hellothereawesome
104,1335503834,2012-04-27T12:17:14.103167-07:00,svpq7,67,fffffffuuuuuuuuuuuu,37,1335529034,30,12,Coco_32
13,1339160075,2012-06-08T19:54:35.421944-07:00,usmxn,5,funny,8,1339185275,-3,0,DrBis_Do
14,1339407879,2012-06-11T16:44:39.947798-07:00,uwzrd,6,funny,8,1339433079,-2,0,DrBis_Do
20,1339425291,2012-06-11T21:34:51.692933-07:00,uxf5q,9,pics,11,1339450491,-2,0,HadManySons
657,1333172439,2012-03-31T12:40:39.590113-07:00,rmun1,507,funny,150,1333197639,357,622,Animates_Everything
35,1333178161,2012-03-31T14:16:01.093638-07:00,rmun4,29,GifSound,6,1333203361,23,3,Gangsta_Raper
41,1333199913,2012-03-31T20:18:33.192906-07:00,rna86,32,GifSound,9,1333225113,23,0,Gangsta_Raper
10,1333252330,2012-04-01T10:52:10-07:00,ro7e4,6,GifSound,4,1333277530,2,0,Gangsta_Raper
65,1333272954,2012-04-01T16:35:54.393381-07:00,rooof,57,GifSound,8,1333298154,49,0,Gangsta_Raper
40,1333761060,2012-04-07T08:11:00-07:00,rxwjg,17,gifs,23,1333786260,-6,3,Hellothereawesome
104,1335503834,2012-04-27T12:17:14.103167-07:00,svpq7,67,fffffffuuuuuuuuuuuu,37,1335529034,30,12,Coco_32
13,1339160075,2012-06-08T19:54:35.421944-07:00,usmxn,5,funny,8,1339185275,-3,0,DrBis_Do
14,1339407879,2012-06-11T16:44:39.947798-07:00,uwzrd,6,funny,8,1339433079,-2,0,DrBis_Do
20,1339425291,2012-06-11T21:34:51.692933-07:00,uxf5q,9,pics,11,1339450491,-2,0,HadManySons
657,1333172439,2012-03-31T12:40:39.590113-07:00,rmun1,507,funny,150,1333197639,357,622,Animates_Everything
35,1333178161,2012-03-31T14:16:01.093638-07:00,rmun4,29,GifSound,6,1333203361,23,3,Gangsta_Raper
41,1333199913,2012-03-31T20:18:33.192906-07:00,rna86,32,GifSound,9,1333225113,23,0,Gangsta_Raper
10,1333252330,2012-04-01T10:52:10-07:00,ro7e4,6,GifSound,4,1333277530,2,0,Gangsta_Raper
65,1333272954,2012-04-01T16:35:54.393381-07:00,rooof,57,GifSound,8,1333298154,49,0,Gangsta_Raper
40,1333761060,2012-04-07T08:11:00-07:00,rxwjg,17,gifs,23,1333786260,-6,3,Hellothereawesome
104,1335503834,2012-04-27T12:17:14.103167-07:00,svpq7,67,fffffffuuuuuuuuuuuu,37,1335529034,30,12,Coco_32
13,1339160075,2012-06-08T19:54:35.421944-07:00,usmxn,5,funny,8,1339185275,-3,0,DrBis_Do
14,1339407879,2012-06-11T16:44:39.947798-07:00,uwzrd,6,funny,8,1339433079,-2,0,DrBis_Do
20,1339425291,2012-06-11T21:34:51.692933-07:00,uxf5q,9,pics,11,1339450491,-2,0,HadManySons
657,1333172439,2012-03-31T12:40:39.590113-07:00,rmun1,507,funny,150,1333197639,357,622,Animates_Everything
35,1333178161,2012-03-31T14:16:01.093638-07:00,rmun4,29,GifSound,6,1333203361,23,3,Gangsta_Raper
41,1333199913,2012-03-31T20:18:33.192906-07:00,rna86,32,GifSound,9,1333225113,23,0,Gangsta_Raper
10,1333252330,2012-04-01T10:52:10-07:00,ro7e4,6,GifSound,4,1333277530,2,0,Gangsta_Raper
65,1333272954,2012-04-01T16:35:54.393381-07:00,rooof,57,GifSound,8,1333298154,49,0,Gangsta_Raper
40,1333761060,2012-04-07T08:11:00-07:00,rxwjg,17,gifs,23,1333786260,-6,3,Hellothereawesome
104,1335503834,2012-04-27T12:17:14.103167-07:00,svpq7,67,fffffffuuuuuuuuuuuu,37,1335529034,30,12,Coco_32
13,1339160075,2012-06-08T19:54:35.421944-07:00,usmxn,5,funny,8,1339185275,-3,0,DrBis_Do
14,1339407879,2012-06-11T16:44:39.947798-07:00,uwzrd,6,funny,8,1339433079,-2,0,DrBis_Do
20,1339425291,2012-06-11T21:34:51.692933-07:00,uxf5q,9,pics,11,1339450491,-2,0,HadManySons
657,1333172439,2012-03-31T12:40:39.590113-07:00,rmun1,507,funny,150,1333197639,357,622,Animates_Everything
35,1333178161,2012-03-31T14:16:01.093638-07:00,rmun4,29,GifSound,6,1333203361,23,3,Gangsta_Raper
41,1333199913,2012-03-31T20:18:33.192906-07:00,rna86,32,GifSound,9,1333225113,23,0,Gangsta_Raper
10,1333252330,2012-04-01T10:52:10-07:00,ro7e4,6,GifSound,4,1333277530,2,0,Gangsta_Raper
65,1333272954,2012-04-01T16:35:54.393381-07:00,rooof,57,GifSound,8,1333298154,49,0,Gangsta_Raper
40,1333761060,2012-04-07T08:11:00-07:00,rxwjg,17,gifs,23,1333786260,-6,3,Hellothereawesome
104,1335503834,2012-04-27T12:17:14.103167-07:00,svpq7,67,fffffffuuuuuuuuuuuu,37,1335529034,30,12,Coco_32
13,1339160075,2012-06-08T19:54:35.421944-07:00,usmxn,5,funny,8,1339185275,-3,0,DrBis_Do
14,1339407879,2012-06-11T16:44:39.947798-07:00,uwzrd,6,funny,8,1339433079,-2,0,DrBis_Do
20,1339425291,2012-06-11T21:34:51.692933-07:00,uxf5q,9,pics,11,1339450491,-2,0,HadManySons
657,1333172439,2012-03-31T12:40:39.590113-07:00,rmun1,507,funny,150,1333197639,357,622,Animates_Everything
35,1333178161,2012-03-31T14:16:01.093638-07:00,rmun4,29,GifSound,6,1333203361,23,3,Gangsta_Raper
41,1333199913,2012-03-31T20:18:33.192906-07:00,rna86,32,GifSound,9,1333225113,23,0,Gangsta_Raper
10,1333252330,2012-04-01T10:52:10-07:00,ro7e4,6,GifSound,4,1333277530,2,0,Gangsta_Raper
65,1333272954,2012-04-01T16:35:54.393381-07:00,rooof,57,GifSound,8,1333298154,49,0,Gangsta_Raper
40,1333761060,2012-04-07T08:11:00-07:00,rxwjg,17,gifs,23,1333786260,-6,3,Hellothereawesome
104,1335503834,2012-04-27T12:17:14.103167-07:00,svpq7,67,fffffffuuuuuuuuuuuu,37,1335529034,30,12,Coco_32
13,1339160075,2012-06-08T19:54:35.421944-07:00,usmxn,5,funny,8,1339185275,-3,0,DrBis_Do
14,1339407879,2012-06-11T16:44:39.947798-07:00,uwzrd,6,funny,8,1339433079,-2,0,DrBis_Do
20,1339425291,2012-06-11T21:34:51.692933-07:00,uxf5q,9,pics,11,1339450491,-2,0,HadManySons
657,1333172439,2012-03-31T12:40:39.590113-07:00,rmun1,507,funny,150,1333197639,357,622,Animates_Everything
35,1333178161,2012-03-31T14:16:01.093638-07:00,rmun4,29,GifSound,6,1333203361,23,3,Gangsta_Raper
41,1333199913,2012-03-31T20:18:33.192906-07:00,rna86,32,GifSound,9,1333225113,23,0,Gangsta_Raper
10,1333252330,2012-04-01T10:52:10-07:00,ro7e4,6,GifSound,4,1333277530,2,0,Gangsta_Raper
65,1333272954,2012-04-01T16:35:54.393381-07:00,rooof,57,GifSound,8,1333298154,49,0,Gangsta_Raper
40,1333761060,2012-04-07T08:11:00-07:00,rxwjg,17,gifs,23,1333786260,-6,3,Hellothereawesome
104,1335503834,2012-04-27T12:17:14.103167-07:00,svpq7,67,fffffffuuuuuuuuuuuu,37,1335529034,30,12,Coco_32
13,1339160075,2012-06-08T19:54:35.421944-07:00,usmxn,5,funny,8,1339185275,-3,0,DrBis_Do
14,1339407879,2012-06-11T16:44:39.947798-07:00,uwzrd,6,funny,8,1339433079,-2,0,DrBis_Do
20,1339425291,2012-06-11T21:34:51.692933-07:00,uxf5q,9,pics,11,1339450491,-2,0,HadManySons
657,1333172439,2012-03-31T12:40:39.590113-07:00,rmun1,507,funny,150,1333197639,357,622,Animates_Everything
35,1333178161,2012-03-31T14:16:01.093638-07:00,rmun4,29,GifSound,6,1333203361,23,3,Gangsta_Raper
41,1333199913,2012-03-31T20:18:33.192906-07:00,rna86,32,GifSound,9,1333225113,23,0,Gangsta_Raper
10,1333252330,2012-04-01T10:52:10-07:00,ro7e4,6,GifSound,4,1333277530,2,0,Gangsta_Raper
65,1333272954,2012-04-01T16:35:54.393381-07:00,rooof,57,GifSound,8,1333298154,49,0,Gangsta_Raper
40,1333761060,2012-04-07T08:11:00-07:00,rxwjg,17,gifs,23,1333786260,-6,3,Hellothereawesome
104,1335503834,2012-04-27T12:17:14.103167-07:00,svpq7,67,fffffffuuuuuuuuuuuu,37,1335529034,30,12,Coco_32
13,1339160075,2012-06-08T19:54:35.421944-07:00,usmxn,5,funny,8,1339185275,-3,0,DrBis_Do
14,1339407879,2012-06-11T16:44:39.947798-07:00,uwzrd,6,funny,8,1339433079,-2,0,DrBis_Do
20,1339425291,2012-06-11T21:34:51.692933-07:00,uxf5q,9,pics,11,1339450491,-2,0,HadManySons
657,1333172439,2012-03-31T12:40:39.590113-07:00,rmun1,507,funny,150,1333197639,357,622,Animates_Everything
35,1333178161,2012-03-31T14:16:01.093638-07:00,rmun4,29,GifSound,6,1333203361,23,3,Gangsta_Raper
41,1333199913,2012-03-31T20:18:33.192906-07:00,rna86,32,GifSound,9,1333225113,23,0,Gangsta_Raper
10,1333252330,2012-04-01T10:52:10-07:00,ro7e4,6,GifSound,4,1333277530,2,0,Gangsta_Raper
65,1333272954,2012-04-01T16:35:54.393381-07:00,rooof,57,GifSound,8,1333298154,49,0,Gangsta_Raper
40,1333761060,2012-04-07T08:11:00-07:00,rxwjg,17,gifs,23,1333786260,-6,3,Hellothereawesome
104,1335503834,2012-04-27T12:17:14.103167-07:00,svpq7,67,fffffffuuuuuuuuuuuu,37,1335529034,30,12,Coco_32
13,1339160075,2012-06-08T19:54:35.421944-07:00,usmxn,5,funny,8,1339185275,-3,0,DrBis_Do
14,1339407879,2012-06-11T16:44:39.947798-07:00,uwzrd,6,funny,8,1339433079,-2,0,DrBis_Do
20,1339425291,2012-06-11T21:34:51.692933-07:00,uxf5q,9,pics,11,1339450491,-2,0,HadManySons
657,1333172439,2012-03-31T12:40:39.590113-07:00,rmun1,507,funny,150,1333197639,357,622,Animates_Everything
35,1333178161,2012-03-31T14:16:01.093638-07:00,rmun4,29,GifSound,6,1333203361,23,3,Gangsta_Raper
41,1333199913,2012-03-31T20:18:33.192906-07:00,rna86,32,GifSound,9,1333225113,23,0,Gangsta_Raper
10,1333252330,2012-04-01T10:52:10-07:00,ro7e4,6,GifSound,4,1333277530,2,0,Gangsta_Raper
65,1333272954,2012-04-01T16:35:54.393381-07:00,rooof,57,GifSound,8,1333298154,49,0,Gangsta_Raper
40,1333761060,2012-04-07T08:11:00-07:00,rxwjg,17,gifs,23,1333786260,-6,3,Hellothereawesome
104,1335503834,2012-04-27T12:17:14.103167-07:00,svpq7,67,fffffffuuuuuuuuuuuu,37,1335529034,30,12,Coco_32
13,1339160075,2012-06-08T19:54:35.421944-07:00,usmxn,5,funny,8,1339185275,-3,0,DrBis_Do
14,1339407879,2012-06-11T16:44:39.947798-07:00,uwzrd,6,funny,8,1339433079,-2,0,DrBis_Do
20,1339425291,2012-06-11T21:34:51.692933-07:00,uxf5q,9,pics,11,1339450491,-2,0,HadManySons
657,1333172439,2012-03-31T12:40:39.590113-07:00,rmun1,507,funny,150,1333197639,357,622,Animates_Everything
35,1333178161,2012-03-31T14:16:01.093638-07:00,rmun4,29,GifSound,6,1333203361,23,3,Gangsta_Raper
41,1333199913,2012-03-31T20:18:33.192906-07:00,rna86,32,GifSound,9,1333225113,23,0,Gangsta_Raper
10,1333252330,2012-04-01T10:52:10-07:00,ro7e4,6,GifSound,4,1333277530,2,0,Gangsta_Raper
65,1333272954,2012-04-01T16:35:54.393381-07:00,rooof,57,GifSound,8,1333298154,49,0,Gangsta_Raper
40,1333761060,2012-04-07T08:11:00-07:00,rxwjg,17,gifs,23,1333786260,-6,3,Hellothereawesome
104,1335503834,2012-04-27T12:17:14.103167-07:00,svpq7,67,fffffffuuuuuuuuuuuu,37,1335529034,30,12,Coco_32
13,1339160075,2012-06-08T19:54:35.421944-07:00,usmxn,5,funny,8,1339185275,-3,0,DrBis_Do
14,1339407879,2012-06-11T16:44:39.947798-07:00,uwzrd,6,funny,8,1339433079,-2,0,DrBis_Do
20,1339425291,2012-06-11T21:34:51.692933-07:00,uxf5q,9,pics,11,1339450491,-2,0,HadManySons
657,1333172439,2012-03-31T12:40:39.590113-07:00,rmun1,507,funny,150,1333197639,357,622,Animates_Everything
35,1333178161,2012-03-31T14:16:01.093638-07:00,rmun4,29,GifSound,6,1333203361,23,3,Gangsta_Raper
41,1333199913,2012-03-31T20:18:33.192906-07:00,rna86,32,GifSound,9,1333225113,23,0,Gangsta_Raper
10,1333252330,2012-04-01T10:52:10-07:00,ro7e4,6,GifSound,4,1333277530,2,0,Gangsta_Raper
65,1333272954,2012-04-01T16:35:54.393381-07:00,rooof,57,GifSound,8,1333298154,49,0,Gangsta_Raper
40,1333761060,2012-04-07T08:11:00-07:00,rxwjg,17,gifs,23,1333786260,-6,3,Hellothereawesome
104,1335503834,2012-04-27T12:17:14.103167-07:00,svpq7,67,fffffffuuuuuuuuuuuu,37,1335529034,30,12,Coco_32
13,1339160075,2012-06-08T19:54:35.421944-07:00,usmxn,5,funny,8,1339185275,-3,0,DrBis_Do
14,1339407879,2012-06-11T16:44:39.947798-07:00,uwzrd,6,funny,8,1339433079,-2,0,DrBis_Do
20,1339425291,2012-06-11T21:34:51.692933-07:00,uxf5q,9,pics,11,1339450491,-2,0,HadManySons
657,1333172439,2012-03-31T12:40:39.590113-07:00,rmun1,507,funny,150,1333197639,357,622,Animates_Everything
35,1333178161,2012-03-31T14:16:01.093638-07:00,rmun4,29,GifSound,6,1333203361,23,3,Gangsta_Raper
41,1333199913,2012-03-31T20:18:33.192906-07:00,rna86,32,GifSound,9,1333225113,23,0,Gangsta_Raper
10,1333252330,2012-04-01T10:52:10-07:00,ro7e4,6,GifSound,4,1333277530,2,0,Gangsta_Raper
65,1333272954,2012-04-01T16:35:54.393381-07:00,rooof,57,GifSound,8,1333298154,49,0,Gangsta_Raper
40,1333761060,2012-04-07T08:11:00-07:00,rxwjg,17,gifs,23,1333786260,-6,3,Hellothereawesome
104,1335503834,2012-04-27T12:17:14.103167-07:00,svpq7,67,fffffffuuuuuuuuuuuu,37,1335529034,30,12,Coco_32
13,1339160075,2012-06-08T19:54:35.421944-07:00,usmxn,5,funny,8,1339185275,-3,0,DrBis_Do
14,1339407879,2012-06-11T16:44:39.947798-07:00,uwzrd,6,funny,8,1339433079,-2,0,DrBis_Do
20,1339425291,2012-06-11T21:34:51.692933-07:00,uxf5q,9,pics,11,1339450491,-2,0,HadManySons
657,1333172439,2012-03-31T12:40:39.590113-07:00,rmun1,507,funny,150,1333197639,357,622,Animates_Everything
35,1333178161,2012-03-31T14:16:01.093638-07:00,rmun4,29,GifSound,6,1333203361,23,3,Gangsta_Raper
41,1333199913,2012-03-31T20:18:33.192906-07:00,rna86,32,GifSound,9,1333225113,23,0,Gangsta_Raper
10,1333252330,2012-04-01T10:52:10-07:00,ro7e4,6,GifSound,4,1333277530,2,0,Gangsta_Raper
65,1333272954,2012-04-01T16:35:54.393381-07:00,rooof,57,GifSound,8,1333298154,49,0,Gangsta_Raper
40,1333761060,2012-04-07T08:11:00-07:00,rxwjg,17,gifs,23,1333786260,-6,3,Hellothereawesome
104,1335503834,2012-04-27T12:17:14.103167-07:00,svpq7,67,fffffffuuuuuuuuuuuu,37,1335529034,30,12,Coco_32
13,1339160075,2012-06-08T19:54:35.421944-07:00,usmxn,5,funny,8,1339185275,-3,0,DrBis_Do
14,1339407879,2012-06-11T16:44:39.947798-07:00,uwzrd,6,funny,8,1339433079,-2,0,DrBis_Do
20,1339425291,2012-06-11T21:34:51.692933-07:00,uxf5q,9,pics,11,1339450491,-2,0,HadManySons
657,1333172439,2012-03-31T12:40:39.590113-07:00,rmun1,507,funny,150,1333197639,357,622,Animates_Everything
35,1333178161,2012-03-31T14:16:01.093638-07:00,rmun4,29,GifSound,6,1333203361,23,3,Gangsta_Raper
41,1333199913,2012-03-31T20:18:33.192906-07:00,rna86,32,GifSound,9,1333225113,23,0,Gangsta_Raper
10,1333252330,2012-04-01T10:52:10-07:00,ro7e4,6,GifSound,4,1333277530,2,0,Gangsta_Raper
65,1333272954,2012-04-01T16:35:54.393381-07:00,rooof,57,GifSound,8,1333298154,49,0,Gangsta_Raper
40,1333761060,2012-04-07T08:11:00-07:00,rxwjg,17,gifs,23,1333786260,-6,3,Hellothereawesome
104,1335503834,2012-04-27T12:17:14.103167-07:00,svpq7,67,fffffffuuuuuuuuuuuu,37,1335529034,30,12,Coco_32
13,1339160075,2012-06-08T19:54:35.421944-07:00,usmxn,5,funny,8,1339185275,-3,0,DrBis_Do
14,1339407879,2012-06-11T16:44:39.947798-07:00,uwzrd,6,funny,8,1339433079,-2,0,DrBis_Do
20,1339425291,2012-06-11T21:34:51.692933-07:00,uxf5q,9,pics,11,1339450491,-2,0,HadManySons
657,1333172439,2012-03-31T12:40:39.590113-07:00,rmun1,507,funny,150,1333197639,357,622,Animates_Everything
35,1333178161,2012-03-31T14:16:01.093638-07:00,rmun4,29,GifSound,6,1333203361,23,3,Gangsta_Raper
41,1333199913,2012-03-31T20:18:33.192906-07:00,rna86,32,GifSound,9,1333225113,23,0,Gangsta_Raper
10,1333252330,2012-04-01T10:52:10-07:00,ro7e4,6,GifSound,4,1333277530,2,0,Gangsta_Raper
65,1333272954,2012-04-01T16:35:54.393381-07:00,rooof,57,GifSound,8,1333298154,49,0,Gangsta_Raper
40,1333761060,2012-04-07T08:11:00-07:00,rxwjg,17,gifs,23,1333786260,-6,3,Hellothereawesome
104,1335503834,2012-04-27T12:17:14.103167-07:00,svpq7,67,fffffffuuuuuuuuuuuu,37,1335529034,30,12,Coco_32
13,1339160075,2012-06-08T19:54:35.421944-07:00,usmxn,5,funny,8,1339185275,-3,0,DrBis_Do
14,1339407879,2012-06-11T16:44:39.947798-07:00,uwzrd,6,funny,8,1339433079,-2,0,DrBis_Do
20,1339425291,2012-06-11T21:34:51.692933-07:00,uxf5q,9,pics,11,1339450491,-2,0,HadManySons
657,1333172439,2012-03-31T12:40:39.590113-07:00,rmun1,507,funny,150,1333197639,357,622,Animates_Everything
35,1333178161,2012-03-31T14:16:01.093638-07:00,rmun4,29,GifSound,6,1333203361,23,3,Gangsta_Raper
41,1333199913,2012-03-31T20:18:33.192906-07:00,rna86,32,GifSound,9,1333225113,23,0,Gangsta_Raper
10,1333252330,2012-04-01T10:52:10-07:00,ro7e4,6,GifSound,4,1333277530,2,0,Gangsta_Raper
65,1333272954,2012-04-01T16:35:54.393381-07:00,rooof,57,GifSound,8,1333298154,49,0,Gangsta_Raper
40,1333761060,2012-04-07T08:11:00-07:00,rxwjg,17,gifs,23,1333786260,-6,3,Hellothereawesome
104,1335503834,2012-04-27T12:17:14.103167-07:00,svpq7,67,fffffffuuuuuuuuuuuu,37,1335529034,30,12,Coco_32
13,1339160075,2012-06-08T19:54:35.421944-07:00,usmxn,5,funny,8,1339185275,-3,0,DrBis_Do
14,1339407879,2012-06-11T16:44:39.947798-07:00,uwzrd,6,funny,8,1339433079,-2,0,DrBis_Do
20,1339425291,2012-06-11T21:34:51.692933-07:00,uxf5q,9,pics,11,1339450491,-2,0,HadManySons
657,1333172439,2012-03-31T12:40:39.590113-07:00,rmun1,507,funny,150,1333197639,357,622,Animates_Everything
35,1333178161,2012-03-31T14:16:01.093638-07:00,rmun4,29,GifSound,6,1333203361,23,3,Gangsta_Raper
41,1333199913,2012-03-31T20:18:33.192906-07:00,rna86,32,GifSound,9,1333225113,23,0,Gangsta_Raper
10,1333252330,2012-04-01T10:52:10-07:00,ro7e4,6,GifSound,4,1333277530,2,0,Gangsta_Raper
65,1333272954,2012-04-01T16:35:54.393381-07:00,rooof,57,GifSound,8,1333298154,49,0,Gangsta_Raper
40,1333761060,2012-04-07T08:11:00-07:00,rxwjg,17,gifs,23,1333786260,-6,3,Hellothereawesome
104,1335503834,2012-04-27T12:17:14.103167-07:00,svpq7,67,fffffffuuuuuuuuuuuu,37,1335529034,30,12,Coco_32
13,1339160075,2012-06-08T19:54:35.421944-07:00,usmxn,5,funny,8,1339185275,-3,0,DrBis_Do
14,1339407879,2012-06-11T16:44:39.947798-07:00,uwzrd,6,funny,8,1339433079,-2,0,DrBis_Do
20,1339425291,2012-06-11T21:34:51.692933-07:00,uxf5q,9,pics,11,1339450491,-2,0,HadManySons
657,1333172439,2012-03-31T12:40:39.590113-07:00,rmun1,507,funny,150,1333197639,357,622,Animates_Everything
35,1333178161,2012-03-31T14:16:01.093638-07:00,rmun4,29,GifSound,6,1333203361,23,3,Gangsta_Raper
41,1333199913,2012-03-31T20:18:33.192906-07:00,rna86,32,GifSound,9,1333225113,23,0,Gangsta_Raper
10,1333252330,2012-04-01T10:52:10-07:00,ro7e4,6,GifSound,4,1333277530,2,0,Gangsta_Raper
65,1333272954,2012-04-01T16:35:54.393381-07:00,rooof,57,GifSound,8,1333298154,49,0,Gangsta_Raper
40,1333761060,2012-04-07T08:11:00-07:00,rxwjg,17,gifs,23,1333786260,-6,3,Hellothereawesome
104,1335503834,2012-04-27T12:17:14.103167-07:00,svpq7,67,fffffffuuuuuuuuuuuu,37,1335529034,30,12,Coco_32
13,1339160075,2012-06-08T19:54:35.421944-07:00,usmxn,5,funny,8,1339185275,-3,0,DrBis_Do
14,1339407879,2012-06-11T16:44:39.947798-07:00,uwzrd,6,funny,8,1339433079,-2,0,DrBis_Do
20,1339425291,2012-06-11T21:34:51.692933-07:00,uxf5q,9,pics,11,1339450491,-2,0,HadManySons
657,1333172439,2012-03-31T12:40:39.590113-07:00,rmun1,507,funny,150,1333197639,357,622,Animates_Everything
35,1333178161,2012-03-31T14:16:01.093638-07:00,rmun4,29,GifSound,6,1333203361,23,3,Gangsta_Raper
41,1333199913,2012-03-31T20:18:33.192906-07:00,rna86,32,GifSound,9,1333225113,23,0,Gangsta_Raper
10,1333252330,2012-04-01T10:52:10-07:00,ro7e4,6,GifSound,4,1333277530,2,0,Gangsta_Raper
65,1333272954,2012-04-01T16:35:54.393381-07:00,rooof,57,GifSound,8,1333298154,49,0,Gangsta_Raper
40,1333761060,2012-04-07T08:11:00-07:00,rxwjg,17,gifs,23,1333786260,-6,3,Hellothereawesome
104,1335503834,2012-04-27T12:17:14.103167-07:00,svpq7,67,fffffffuuuuuuuuuuuu,37,1335529034,30,12,Coco_32
13,1339160075,2012-06-08T19:54:35.421944-07:00,usmxn,5,funny,8,1339185275,-3,0,DrBis_Do
14,1339407879,2012-06-11T16:44:39.947798-07:00,uwzrd,6,funny,8,1339433079,-2,0,DrBis_Do
20,1339425291,2012-06-11T21:34:51.692933-07:00,uxf5q,9,pics,11,1339450491,-2,0,HadManySons
657,1333172439,2012-03-31T12:40:39.590113-07:00,rmun1,507,funny,150,1333197639,357,622,Animates_Everything
35,1333178161,2012-03-31T14:16:01.093638-07:00,rmun4,29,GifSound,6,1333203361,23,3,Gangsta_Raper
41,1333199913,2012-03-31T20:18:33.192906-07:00,rna86,32,GifSound,9,1333225113,23,0,Gangsta_Raper
10,1333252330,2012-04-01T10:52:10-07:00,ro7e4,6,GifSound,4,1333277530,2,0,Gangsta_Raper
65,1333272954,2012-04-01T16:35:54.393381-07:00,rooof,57,GifSound,8,1333298154,49,0,Gangsta_Raper
40,1333761060,2012-04-07T08:11:00-07:00,rxwjg,17,gifs,23,1333786260,-6,3,Hellothereawesome
104,1335503834,2012-04-27T12:17:14.103167-07:00,svpq7,67,fffffffuuuuuuuuuuuu,37,1335529034,30,12,Coco_32
13,1339160075,2012-06-08T19:54:35.421944-07:00,usmxn,5,funny,8,1339185275,-3,0,DrBis_Do
14,1339407879,2012-06-11T16:44:39.947798-07:00,uwzrd,6,funny,8,1339433079,-2,0,DrBis_Do
20,1339425291,2012-06-11T21:34:51.692933-07:00,uxf5q,9,pics,11,1339450491,-2,0,HadManySons
657,1333172439,2012-03-31T12:40:39.590113-07:00,rmun1,507,funny,150,1333197639,357,622,Animates_Everything
35,1333178161,2012-03-31T14:16:01.093638-07:00,rmun4,29,GifSound,6,1333203361,23,3,Gangsta_Raper
41,1333199913,2012-03-31T20:18:33.192906-07:00,rna86,32,GifSound,9,1333225113,23,0,Gangsta_Raper
10,1333252330,2012-04-01T10:52:10-07:00,ro7e4,6,GifSound,4,1333277530,2,0,Gangsta_Raper
65,1333272954,2012-04-01T16:35:54.393381-07:00,rooof,57,GifSound,8,1333298154,49,0,Gangsta_Raper
40,1333761060,2012-04-07T08:11:00-07:00,rxwjg,17,gifs,23,1333786260,-6,3,Hellothereawesome
104,1335503834,2012-04-27T12:17:14.103167-07:00,svpq7,67,fffffffuuuuuuuuuuuu,37,1335529034,30,12,Coco_32
13,1339160075,2012-06-08T19:54:35.421944-07:00,usmxn,5,funny,8,1339185275,-3,0,DrBis_Do
14,1339407879,2012-06-11T16:44:39.947798-07:00,uwzrd,6,funny,8,1339433079,-2,0,DrBis_Do
20,1339425291,2012-06-11T21:34:51.692933-07:00,uxf5q,9,pics,11,1339450491,-2,0,HadManySons
657,1333172439,2012-03-31T12:40:39.590113-07:00,rmun1,507,funny,150,1333197639,357,622,Animates_Everything
35,1333178161,2012-03-31T14:16:01.093638-07:00,rmun4,29,GifSound,6,1333203361,23,3,Gangsta_Raper
41,1333199913,2012-03-31T20:18:33.192906-07:00,rna86,32,GifSound,9,1333225113,23,0,Gangsta_Raper
10,1333252330,2012-04-01T10:52:10-07:00,ro7e4,6,GifSound,4,1333277530,2,0,Gangsta_Raper
65,1333272954,2012-04-01T16:35:54.393381-07:00,rooof,57,GifSound,8,1333298154,49,0,Gangsta_Raper
40,1333761060,2012-04-07T08:11:00-07:00,rxwjg,17,gifs,23,1333786260,-6,3,Hellothereawesome
104,1335503834,2012-04-27T12:17:14.103167-07:00,svpq7,67,fffffffuuuuuuuuuuuu,37,1335529034,30,12,Coco_32
13,1339160075,2012-06-08T19:54:35.421944-07:00,usmxn,5,funny,8,1339185275,-3,0,DrBis_Do
14,1339407879,2012-06-11T16:44:39.947798-07:00,uwzrd,6,funny,8,1339433079,-2,0,DrBis_Do
20,1339425291,2012-06-11T21:34:51.692933-07:00,uxf5q,9,pics,11,1339450491,-2,0,HadManySons
657,1333172439,2012-03-31T12:40:39.590113-07:00,rmun1,507,funny,150,1333197639,357,622,Animates_Everything
35,1333178161,2012-03-31T14:16:01.093638-07:00,rmun4,29,GifSound,6,1333203361,23,3,Gangsta_Raper
41,1333199913,2012-03-31T20:18:33.192906-07:00,rna86,32,GifSound,9,1333225113,23,0,Gangsta_Raper
10,1333252330,2012-04-01T10:52:10-07:00,ro7e4,6,GifSound,4,1333277530,2,0,Gangsta_Raper
65,1333272954,2012-04-01T16:35:54.393381-07:00,rooof,57,GifSound,8,1333298154,49,0,Gangsta_Raper
40,1333761060,2012-04-07T08:11:00-07:00,rxwjg,17,gifs,23,1333786260,-6,3,Hellothereawesome
104,1335503834,2012-04-27T12:17:14.103167-07:00,svpq7,67,fffffffuuuuuuuuuuuu,37,1335529034,30,12,Coco_32
13,1339160075,2012-06-08T19:54:35.421944-07:00,usmxn,5,funny,8,1339185275,-3,0,DrBis_Do
14,1339407879,2012-06-11T16:44:39.947798-07:00,uwzrd,6,funny,8,1339433079,-2,0,DrBis_Do
20,1339425291,2012-06-11T21:34:51.692933-07:00,uxf5q,9,pics,11,1339450491,-2,0,HadManySons
657,1333172439,2012-03-31T12:40:39.590113-07:00,rmun1,507,funny,150,1333197639,357,622,Animates_Everything
35,1333178161,2012-03-31T14:16:01.093638-07:00,rmun4,29,GifSound,6,1333203361,23,3,Gangsta_Raper
41,1333199913,2012-03-31T20:18:33.192906-07:00,rna86,32,GifSound,9,1333225113,23,0,Gangsta_Raper
10,1333252330,2012-04-01T10:52:10-07:00,ro7e4,6,GifSound,4,1333277530,2,0,Gangsta_Raper
65,1333272954,2012-04-01T16:35:54.393381-07:00,rooof,57,GifSound,8,1333298154,49,0,Gangsta_Raper
40,1333761060,2012-04-07T08:11:00-07:00,rxwjg,17,gifs,23,1333786260,-6,3,Hellothereawesome
104,1335503834,2012-04-27T12:17:14.103167-07:00,svpq7,67,fffffffuuuuuuuuuuuu,37,1335529034,30,12,Coco_32
13,1339160075,2012-06-08T19:54:35.421944-07:00,usmxn,5,funny,8,1339185275,-3,0,DrBis_Do
14,1339407879,2012-06-11T16:44:39.947798-07:00,uwzrd,6,funny,8,1339433079,-2,0,DrBis_Do
20,1339425291,2012-06-11T21:34:51.692933-07:00,uxf5q,9,pics,11,1339450491,-2,0,HadManySons
657,1333172439,2012-03-31T12:40:39.590113-07:00,rmun1,507,funny,150,1333197639,357,622,Animates_Everything
35,1333178161,2012-03-31T14:16:01.093638-07:00,rmun4,29,GifSound,6,1333203361,23,3,Gangsta_Raper
41,1333199913,2012-03-31T20:18:33.192906-07:00,rna86,32,GifSound,9,1333225113,23,0,Gangsta_Raper
10,1333252330,2012-04-01T10:52:10-07:00,ro7e4,6,GifSound,4,1333277530,2,0,Gangsta_Raper
65,1333272954,2012-04-01T16:35:54.393381-07:00,rooof,57,GifSound,8,1333298154,49,0,Gangsta_Raper
40,1333761060,2012-04-07T08:11:00-07:00,rxwjg,17,gifs,23,1333786260,-6,3,Hellothereawesome
104,1335503834,2012-04-27T12:17:14.103167-07:00,svpq7,67,fffffffuuuuuuuuuuuu,37,1335529034,30,12,Coco_32
13,1339160075,2012-06-08T19:54:35.421944-07:00,usmxn,5,funny,8,1339185275,-3,0,DrBis_Do
14,1339407879,2012-06-11T16:44:39.947798-07:00,uwzrd,6,funny,8,1339433079,-2,0,DrBis_Do
20,1339425291,2012-06-11T21:34:51.692933-07:00,uxf5q,9,pics,11,1339450491,-2,0,HadManySons
657,1333172439,2012-03-31T12:40:39.590113-07:00,rmun1,507,funny,150,1333197639,357,622,Animates_Everything
35,1333178161,2012-03-31T14:16:01.093638-07:00,rmun4,29,GifSound,6,1333203361,23,3,Gangsta_Raper
41,1333199913,2012-03-31T20:18:33.192906-07:00,rna86,32,GifSound,9,1333225113,23,0,Gangsta_Raper
10,1333252330,2012-04-01T10:52:10-07:00,ro7e4,6,GifSound,4,1333277530,2,0,Gangsta_Raper
65,1333272954,2012-04-01T16:35:54.393381-07:00,rooof,57,GifSound,8,1333298154,49,0,Gangsta_Raper
40,1333761060,2012-04-07T08:11:00-07:00,rxwjg,17,gifs,23,1333786260,-6,3,Hellothereawesome
104,1335503834,2012-04-27T12:17:14.103167-07:00,svpq7,67,fffffffuuuuuuuuuuuu,37,1335529034,30,12,Coco_32
13,1339160075,2012-06-08T19:54:35.421944-07:00,usmxn,5,funny,8,1339185275,-3,0,DrBis_Do
14,1339407879,2012-06-11T16:44:39.947798-07:00,uwzrd,6,funny,8,1339433079,-2,0,DrBis_Do
20,1339425291,2012-06-11T21:34:51.692933-07:00,uxf5q,9,pics,11,1339450491,-2,0,HadManySons
657,1333172439,2012-03-31T12:40:39.590113-07:00,rmun1,507,funny,150,1333197639,357,622,Animates_Everything
35,1333178161,2012-03-31T14:16:01.093638-07:00,rmun4,29,GifSound,6,1333203361,23,3,Gangsta_Raper
41,1333199913,2012-03-31T20:18:33.192906-07:00,rna86,32,GifSound,9,1333225113,23,0,Gangsta_Raper
10,1333252330,2012-04-01T10:52:10-07:00,ro7e4,6,GifSound,4,1333277530,2,0,Gangsta_Raper
65,1333272954,2012-04-01T16:35:54.393381-07:00,rooof,57,GifSound,8,1333298154,49,0,Gangsta_Raper
40,1333761060,2012-04-07T08:11:00-07:00,rxwjg,17,gifs,23,1333786260,-6,3,Hellothereawesome
104,1335503834,2012-04-27T12:17:14.103167-07:00,svpq7,67,fffffffuuuuuuuuuuuu,37,1335529034,30,12,Coco_32
13,1339160075,2012-06-08T19:54:35.421944-07:00,usmxn,5,funny,8,1339185275,-3,0,DrBis_Do
14,1339407879,2012-06-11T16:44:39.947798-07:00,uwzrd,6,funny,8,1339433079,-2,0,DrBis_Do
20,1339425291,2012-06-11T21:34:51.692933-07:00,uxf5q,9,pics,11,1339450491,-2,0,HadManySons
657,1333172439,2012-03-31T12:40:39.590113-07:00,rmun1,507,funny,150,1333197639,357,622,Animates_Everything
35,1333178161,2012-03-31T14:16:01.093638-07:00,rmun4,29,GifSound,6,1333203361,23,3,Gangsta_Raper
41,1333199913,2012-03-31T20:18:33.192906-07:00,rna86,32,GifSound,9,1333225113,23,0,Gangsta_Raper
10,1333252330,2012-04-01T10:52:10-07:00,ro7e4,6,GifSound,4,1333277530,2,0,Gangsta_Raper
65,1333272954,2012-04-01T16:35:54.393381-07:00,rooof,57,GifSound,8,1333298154,49,0,Gangsta_Raper
40,1333761060,2012-04-07T08:11:00-07:00,rxwjg,17,gifs,23,1333786260,-6,3,Hellothereawesome
104,1335503834,2012-04-27T12:17:14.103167-07:00,svpq7,67,fffffffuuuuuuuuuuuu,37,1335529034,30,12,Coco_32
13,1339160075,2012-06-08T19:54:35.421944-07:00,usmxn,5,funny,8,1339185275,-3,0,DrBis_Do
14,1339407879,2012-06-11T16:44:39.947798-07:00,uwzrd,6,funny,8,1339433079,-2,0,DrBis_Do
20,1339425291,2012-06-11T21:34:51.692933-07:00,uxf5q,9,pics,11,1339450491,-2,0,HadManySons
657,1333172439,2012-03-31T12:40:39.590113-07:00,rmun1,507,funny,150,1333197639,357,622,Animates_Everything
35,1333178161,2012-03-31T14:16:01.093638-07:00,rmun4,29,GifSound,6,1333203361,23,3,Gangsta_Raper
41,1333199913,2012-03-31T20:18:33.192906-07:00,rna86,32,GifSound,9,1333225113,23,0,Gangsta_Raper
10,1333252330,2012-04-01T10:52:10-07:00,ro7e4,6,GifSound,4,1333277530,2,0,Gangsta_Raper
65,1333272954,2012-04-01T16:35:54.393381-07:00,rooof,57,GifSound,8,1333298154,49,0,Gangsta_Raper
40,1333761060,2012-04-07T08:11:00-07:00,rxwjg,17,gifs,23,1333786260,-6,3,Hellothereawesome
104,1335503834,2012-04-27T12:17:14.103167-07:00,svpq7,67,fffffffuuuuuuuuuuuu,37,1335529034,30,12,Coco_32
13,1339160075,2012-06-08T19:54:35.421944-07:00,usmxn,5,funny,8,1339185275,-3,0,DrBis_Do
14,1339407879,2012-06-11T16:44:39.947798-07:00,uwzrd,6,funny,8,1339433079,-2,0,DrBis_Do
20,1339425291,2012-06-11T21:34:51.692933-07:00,uxf5q,9,pics,11,1339450491,-2,0,HadManySons
657,1333172439,2012-03-31T12:40:39.590113-07:00,rmun1,507,funny,150,1333197639,357,622,Animates_Everything
35,1333178161,2012-03-31T14:16:01.093638-07:00,rmun4,29,GifSound,6,1333203361,23,3,Gangsta_Raper
41,1333199913,2012-03-31T20:18:33.192906-07:00,rna86,32,GifSound,9,1333225113,23,0,Gangsta_Raper
10,1333252330,2012-04-01T10:52:10-07:00,ro7e4,6,GifSound,4,1333277530,2,0,Gangsta_Raper
65,1333272954,2012-04-01T16:35:54.393381-07:00,rooof,57,GifSound,8,1333298154,49,0,Gangsta_Raper
40,1333761060,2012-04-07T08:11:00-07:00,rxwjg,17,gifs,23,1333786260,-6,3,Hellothereawesome
104,1335503834,2012-04-27T12:17:14.103167-07:00,svpq7,67,fffffffuuuuuuuuuuuu,37,1335529034,30,12,Coco_32
13,1339160075,2012-06-08T19:54:35.421944-07:00,usmxn,5,funny,8,1339185275,-3,0,DrBis_Do
14,1339407879,2012-06-11T16:44:39.947798-07:00,uwzrd,6,funny,8,1339433079,-2,0,DrBis_Do
20,1339425291,2012-06-11T21:34:51.692933-07:00,uxf5q,9,pics,11,1339450491,-2,0,HadManySons
657,1333172439,2012-03-31T12:40:39.590113-07:00,rmun1,507,funny,150,1333197639,357,622,Animates_Everything
35,1333178161,2012-03-31T14:16:01.093638-07:00,rmun4,29,GifSound,6,1333203361,23,3,Gangsta_Raper
41,1333199913,2012-03-31T20:18:33.192906-07:00,rna86,32,GifSound,9,1333225113,23,0,Gangsta_Raper
10,1333252330,2012-04-01T10:52:10-07:00,ro7e4,6,GifSound,4,1333277530,2,0,Gangsta_Raper
65,1333272954,2012-04-01T16:35:54.393381-07:00,rooof,57,GifSound,8,1333298154,49,0,Gangsta_Raper
40,1333761060,2012-04-07T08:11:00-07:00,rxwjg,17,gifs,23,1333786260,-6,3,Hellothereawesome
104,1335503834,2012-04-27T12:17:14.103167-07:00,svpq7,67,fffffffuuuuuuuuuuuu,37,1335529034,30,12,Coco_32
13,1339160075,2012-06-08T19:54:35.421944-07:00,usmxn,5,funny,8,1339185275,-3,0,DrBis_Do
14,1339407879,2012-06-11T16:44:39.947798-07:00,uwzrd,6,funny,8,1339433079,-2,0,DrBis_Do
20,1339425291,2012-06-11T21:34:51.692933-07:00,uxf5q,9,pics,11,1339450491,-2,0,HadManySons
657,1333172439,2012-03-31T12:40:39.590113-07:00,rmun1,507,funny,150,1333197639,357,622,Animates_Everything
35,1333178161,2012-03-31T14:16:01.093638-07:00,rmun4,29,GifSound,6,1333203361,23,3,Gangsta_Raper
41,1333199913,2012-03-31T20:18:33.192906-07:00,rna86,32,GifSound,9,1333225113,23,0,Gangsta_Raper
10,1333252330,2012-04-01T10:52:10-07:00,ro7e4,6,GifSound,4,1333277530,2,0,Gangsta_Raper
65,1333272954,2012-04-01T16:35:54.393381-07:00,rooof,57,GifSound,8,1333298154,49,0,Gangsta_Raper
40,1333761060,2012-04-07T08:11:00-07:00,rxwjg,17,gifs,23,1333786260,-6,3,Hellothereawesome
104,1335503834,2012-04-27T12:17:14.103167-07:00,svpq7,67,fffffffuuuuuuuuuuuu,37,1335529034,30,12,Coco_32
13,1339160075,2012-06-08T19:54:35.421944-07:00,usmxn,5,funny,8,1339185275,-3,0,DrBis_Do
14,1339407879,2012-06-11T16:44:39.947798-07:00,uwzrd,6,funny,8,1339433079,-2,0,DrBis_Do
20,1339425291,2012-06-11T21:34:51.692933-07:00,uxf5q,9,pics,11,1339450491,-2,0,HadManySons
657,1333172439,2012-03-31T12:40:39.590113-07:00,rmun1,507,funny,150,1333197639,357,622,Animates_Everything
35,1333178161,2012-03-31T14:16:01.093638-07:00,rmun4,29,GifSound,6,1333203361,23,3,Gangsta_Raper
41,1333199913,2012-03-31T20:18:33.192906-07:00,rna86,32,GifSound,9,1333225113,23,0,Gangsta_Raper
10,1333252330,2012-04-01T10:52:10-07:00,ro7e4,6,GifSound,4,1333277530,2,0,Gangsta_Raper
65,1333272954,2012-04-01T16:35:54.393381-07:00,rooof,57,GifSound,8,1333298154,49,0,Gangsta_Raper
40,1333761060,2012-04-07T08:11:00-07:00,rxwjg,17,gifs,23,1333786260,-6,3,Hellothereawesome
104,1335503834,2012-04-27T12:17:14.103167-07:00,svpq7,67,fffffffuuuuuuuuuuuu,37,1335529034,30,12,Coco_32
13,1339160075,2012-06-08T19:54:35.421944-07:00,usmxn,5,funny,8,1339185275,-3,0,DrBis_Do
14,1339407879,2012-06-11T16:44:39.947798-07:00,uwzrd,6,funny,8,1339433079,-2,0,DrBis_Do
20,1339425291,2012-06-11T21:34:51.692933-07:00,uxf5q,9,pics,11,1339450491,-2,0,HadManySons
657,1333172439,2012-03-31T12:40:39.590113-07:00,rmun1,507,funny,150,1333197639,357,622,Animates_Everything
35,1333178161,2012-03-31T14:16:01.093638-07:00,rmun4,29,GifSound,6,1333203361,23,3,Gangsta_Raper
41,1333199913,2012-03-31T20:18:33.192906-07:00,rna86,32,GifSound,9,1333225113,23,0,Gangsta_Raper
10,1333252330,2012-04-01T10:52:10-07:00,ro7e4,6,GifSound,4,1333277530,2,0,Gangsta_Raper
65,1333272954,2012-04-01T16:35:54.393381-07:00,rooof,57,GifSound,8,1333298154,49,0,Gangsta_Raper
40,1333761060,2012-04-07T08:11:00-07:00,rxwjg,17,gifs,23,1333786260,-6,3,Hellothereawesome
104,1335503834,2012-04-27T12:17:14.103167-07:00,svpq7,67,fffffffuuuuuuuuuuuu,37,1335529034,30,12,Coco_32
13,1339160075,2012-06-08T19:54:35.421944-07:00,usmxn,5,funny,8,1339185275,-3,0,DrBis_Do
14,1339407879,2012-06-11T16:44:39.947798-07:00,uwzrd,6,funny,8,1339433079,-2,0,DrBis_Do
20,1339425291,2012-06-11T21:34:51.692933-07:00,uxf5q,9,pics,11,1339450491,-2,0,HadManySons
657,1333172439,2012-03-31T12:40:39.590113-07:00,rmun1,507,funny,150,1333197639,357,622,Animates_Everything
35,1333178161,2012-03-31T14:16:01.093638-07:00,rmun4,29,GifSound,6,1333203361,23,3,Gangsta_Raper
41,1333199913,2012-03-31T20:18:33.192906-07:00,rna86,32,GifSound,9,1333225113,23,0,Gangsta_Raper
10,1333252330,2012-04-01T10:52:10-07:00,ro7e4,6,GifSound,4,1333277530,2,0,Gangsta_Raper
65,1333272954,2012-04-01T16:35:54.393381-07:00,rooof,57,GifSound,8,1333298154,49,0,Gangsta_Raper
40,1333761060,2012-04-07T08:11:00-07:00,rxwjg,17,gifs,23,1333786260,-6,3,Hellothereawesome
104,1335503834,2012-04-27T12:17:14.103167-07:00,svpq7,67,fffffffuuuuuuuuuuuu,37,1335529034,30,12,Coco_32
13,1339160075,2012-06-08T19:54:35.421944-07:00,usmxn,5,funny,8,1339185275,-3,0,DrBis_Do
14,1339407879,2012-06-11T16:44:39.947798-07:00,uwzrd,6,funny,8,1339433079,-2,0,DrBis_Do
20,1339425291,2012-06-11T21:34:51.692933-07:00,uxf5q,9,pics,11,1339450491,-2,0,HadManySons
657,1333172439,2012-03-31T12:40:39.590113-07:00,rmun1,507,funny,150,1333197639,357,622,Animates_Everything
35,1333178161,2012-03-31T14:16:01.093638-07:00,rmun4,29,GifSound,6,1333203361,23,3,Gangsta_Raper
41,1333199913,2012-03-31T20:18:33.192906-07:00,rna86,32,GifSound,9,1333225113,23,0,Gangsta_Raper
10,1333252330,2012-04-01T10:52:10-07:00,ro7e4,6,GifSound,4,1333277530,2,0,Gangsta_Raper
65,1333272954,2012-04-01T16:35:54.393381-07:00,rooof,57,GifSound,8,1333298154,49,0,Gangsta_Raper
40,1333761060,2012-04-07T08:11:00-07:00,rxwjg,17,gifs,23,1333786260,-6,3,Hellothereawesome
104,1335503834,2012-04-27T12:17:14.103167-07:00,svpq7,67,fffffffuuuuuuuuuuuu,37,1335529034,30,12,Coco_32
13,1339160075,2012-06-08T19:54:35.421944-07:00,usmxn,5,funny,8,1339185275,-3,0,DrBis_Do
14,1339407879,2012-06-11T16:44:39.947798-07:00,uwzrd,6,funny,8,1339433079,-2,0,DrBis_Do
20,1339425291,2012-06-11T21:34:51.692933-07:00,uxf5q,9,pics,11,1339450491,-2,0,HadManySons
657,1333172439,2012-03-31T12:40:39.590113-07:00,rmun1,507,funny,150,1333197639,357,622,Animates_Everything
35,1333178161,2012-03-31T14:16:01.093638-07:00,rmun4,29,GifSound,6,1333203361,23,3,Gangsta_Raper
41,1333199913,2012-03-31T20:18:33.192906-07:00,rna86,32,GifSound,9,1333225113,23,0,Gangsta_Raper
10,1333252330,2012-04-01T10:52:10-07:00,ro7e4,6,GifSound,4,1333277530,2,0,Gangsta_Raper
65,1333272954,2012-04-01T16:35:54.393381-07:00,rooof,57,GifSound,8,1333298154,49,0,Gangsta_Raper
40,1333761060,2012-04-07T08:11:00-07:00,rxwjg,17,gifs,23,1333786260,-6,3,Hellothereawesome
104,1335503834,2012-04-27T12:17:14.103167-07:00,svpq7,67,fffffffuuuuuuuuuuuu,37,1335529034,30,12,Coco_32
13,1339160075,2012-06-08T19:54:35.421944-07:00,usmxn,5,funny,8,1339185275,-3,0,DrBis_Do
14,1339407879,2012-06-11T16:44:39.947798-07:00,uwzrd,6,funny,8,1339433079,-2,0,DrBis_Do
20,1339425291,2012-06-11T21:34:51.692933-07:00,uxf5q,9,pics,11,1339450491,-2,0,HadManySons
657,1333172439,2012-03-31T12:40:39.590113-07:00,rmun1,507,funny,150,1333197639,357,622,Animates_Everything
35,1333178161,2012-03-31T14:16:01.093638-07:00,rmun4,29,GifSound,6,1333203361,23,3,Gangsta_Raper
41,1333199913,2012-03-31T20:18:33.192906-07:00,rna86,32,GifSound,9,1333225113,23,0,Gangsta_Raper
10,1333252330,2012-04-01T10:52:10-07:00,ro7e4,6,GifSound,4,1333277530,2,0,Gangsta_Raper
65,1333272954,2012-04-01T16:35:54.393381-07:00,rooof,57,GifSound,8,1333298154,49,0,Gangsta_Raper
40,1333761060,2012-04-07T08:11:00-07:00,rxwjg,17,gifs,23,1333786260,-6,3,Hellothereawesome
104,1335503834,2012-04-27T12:17:14.103167-07:00,svpq7,67,fffffffuuuuuuuuuuuu,37,1335529034,30,12,Coco_32
13,1339160075,2012-06-08T19:54:35.421944-07:00,usmxn,5,funny,8,1339185275,-3,0,DrBis_Do
14,1339407879,2012-06-11T16:44:39.947798-07:00,uwzrd,6,funny,8,1339433079,-2,0,DrBis_Do
20,1339425291,2012-06-11T21:34:51.692933-07:00,uxf5q,9,pics,11,1339450491,-2,0,HadManySons
657,1333172439,2012-03-31T12:40:39.590113-07:00,rmun1,507,funny,150,1333197639,357,622,Animates_Everything
35,1333178161,2012-03-31T14:16:01.093638-07:00,rmun4,29,GifSound,6,1333203361,23,3,Gangsta_Raper
41,1333199913,2012-03-31T20:18:33.192906-07:00,rna86,32,GifSound,9,1333225113,23,0,Gangsta_Raper
10,1333252330,2012-04-01T10:52:10-07:00,ro7e4,6,GifSound,4,1333277530,2,0,Gangsta_Raper
65,1333272954,2012-04-01T16:35:54.393381-07:00,rooof,57,GifSound,8,1333298154,49,0,Gangsta_Raper
40,1333761060,2012-04-07T08:11:00-07:00,rxwjg,17,gifs,23,1333786260,-6,3,Hellothereawesome
104,1335503834,2012-04-27T12:17:14.103167-07:00,svpq7,67,fffffffuuuuuuuuuuuu,37,1335529034,30,12,Coco_32
13,1339160075,2012-06-08T19:54:35.421944-07:00,usmxn,5,funny,8,1339185275,-3,0,DrBis_Do
14,1339407879,2012-06-11T16:44:39.947798-07:00,uwzrd,6,funny,8,1339433079,-2,0,DrBis_Do
20,1339425291,2012-06-11T21:34:51.692933-07:00,uxf5q,9,pics,11,1339450491,-2,0,HadManySons
657,1333172439,2012-03-31T12:40:39.590113-07:00,rmun1,507,funny,150,1333197639,357,622,Animates_Everything
35,1333178161,2012-03-31T14:16:01.093638-07:00,rmun4,29,GifSound,6,1333203361,23,3,Gangsta_Raper
41,1333199913,2012-03-31T20:18:33.192906-07:00,rna86,32,GifSound,9,1333225113,23,0,Gangsta_Raper
10,1333252330,2012-04-01T10:52:10-07:00,ro7e4,6,GifSound,4,1333277530,2,0,Gangsta_Raper
65,1333272954,2012-04-01T16:35:54.393381-07:00,rooof,57,GifSound,8,1333298154,49,0,Gangsta_Raper
40,1333761060,2012-04-07T08:11:00-07:00,rxwjg,17,gifs,23,1333786260,-6,3,Hellothereawesome
104,1335503834,2012-04-27T12:17:14.103167-07:00,svpq7,67,fffffffuuuuuuuuuuuu,37,1335529034,30,12,Coco_32
13,1339160075,2012-06-08T19:54:35.421944-07:00,usmxn,5,funny,8,1339185275,-3,0,DrBis_Do
14,1339407879,2012-06-11T16:44:39.947798-07:00,uwzrd,6,funny,8,1339433079,-2,0,DrBis_Do
20,1339425291,2012-06-11T21:34:51.692933-07:00,uxf5q,9,pics,11,1339450491,-2,0,HadManySons
657,1333172439,2012-03-31T12:40:39.590113-07:00,rmun1,507,funny,150,1333197639,357,622,Animates_Everything
35,1333178161,2012-03-31T14:16:01.093638-07:00,rmun4,29,GifSound,6,1333203361,23,3,Gangsta_Raper
41,1333199913,2012-03-31T20:18:33.192906-07:00,rna86,32,GifSound,9,1333225113,23,0,Gangsta_Raper
10,1333252330,2012-04-01T10:52:10-07:00,ro7e4,6,GifSound,4,1333277530,2,0,Gangsta_Raper
65,1333272954,2012-04-01T16:35:54.393381-07:00,rooof,57,GifSound,8,1333298154,49,0,Gangsta_Raper
40,1333761060,2012-04-07T08:11:00-07:00,rxwjg,17,gifs,23,1333786260,-6,3,Hellothereawesome
104,1335503834,2012-04-27T12:17:14.103167-07:00,svpq7,67,fffffffuuuuuuuuuuuu,37,1335529034,30,12,Coco_32
13,1339160075,2012-06-08T19:54:35.421944-07:00,usmxn,5,funny,8,1339185275,-3,0,DrBis_Do
14,1339407879,2012-06-11T16:44:39.947798-07:00,uwzrd,6,funny,8,1339433079,-2,0,DrBis_Do
20,1339425291,2012-06-11T21:34:51.692933-07:00,uxf5q,9,pics,11,1339450491,-2,0,HadManySons
657,1333172439,2012-03-31T12:40:39.590113-07:00,rmun1,507,funny,150,1333197639,357,622,Animates_Everything
35,1333178161,2012-03-31T14:16:01.093638-07:00,rmun4,29,GifSound,6,1333203361,23,3,Gangsta_Raper
41,1333199913,2012-03-31T20:18:33.192906-07:00,rna86,32,GifSound,9,1333225113,23,0,Gangsta_Raper
10,1333252330,2012-04-01T10:52:10-07:00,ro7e4,6,GifSound,4,1333277530,2,0,Gangsta_Raper
65,1333272954,2012-04-01T16:35:54.393381-07:00,rooof,57,GifSound,8,1333298154,49,0,Gangsta_Raper
40,1333761060,2012-04-07T08:11:00-07:00,rxwjg,17,gifs,23,1333786260,-6,3,Hellothereawesome
104,1335503834,2012-04-27T12:17:14.103167-07:00,svpq7,67,fffffffuuuuuuuuuuuu,37,1335529034,30,12,Coco_32
13,1339160075,2012-06-08T19:54:35.421944-07:00,usmxn,5,funny,8,1339185275,-3,0,DrBis_Do
14,1339407879,2012-06-11T16:44:39.947798-07:00,uwzrd,6,funny,8,1339433079,-2,0,DrBis_Do
20,1339425291,2012-06-11T21:34:51.692933-07:00,uxf5q,9,pics,11,1339450491,-2,0,HadManySons
657,1333172439,2012-03-31T12:40:39.590113-07:00,rmun1,507,funny,150,1333197639,357,622,Animates_Everything
35,1333178161,2012-03-31T14:16:01.093638-07:00,rmun4,29,GifSound,6,1333203361,23,3,Gangsta_Raper
41,1333199913,2012-03-31T20:18:33.192906-07:00,rna86,32,GifSound,9,1333225113,23,0,Gangsta_Raper
10,1333252330,2012-04-01T10:52:10-07:00,ro7e4,6,GifSound,4,1333277530,2,0,Gangsta_Raper
65,1333272954,2012-04-01T16:35:54.393381-07:00,rooof,57,GifSound,8,1333298154,49,0,Gangsta_Raper
40,1333761060,2012-04-07T08:11:00-07:00,rxwjg,17,gifs,23,1333786260,-6,3,Hellothereawesome
104,1335503834,2012-04-27T12:17:14.103167-07:00,svpq7,67,fffffffuuuuuuuuuuuu,37,1335529034,30,12,Coco_32
13,1339160075,2012-06-08T19:54:35.421944-07:00,usmxn,5,funny,8,1339185275,-3,0,DrBis_Do
14,1339407879,2012-06-11T16:44:39.947798-07:00,uwzrd,6,funny,8,1339433079,-2,0,DrBis_Do
20,1339425291,2012-06-11T21:34:51.692933-07:00,uxf5q,9,pics,11,1339450491,-2,0,HadManySons
657,1333172439,2012-03-31T12:40:39.590113-07:00,rmun1,507,funny,150,1333197639,357,622,Animates_Everything
35,1333178161,2012-03-31T14:16:01.093638-07:00,rmun4,29,GifSound,6,1333203361,23,3,Gangsta_Raper
41,1333199913,2012-03-31T20:18:33.192906-07:00,rna86,32,GifSound,9,1333225113,23,0,Gangsta_Raper
10,1333252330,2012-04-01T10:52:10-07:00,ro7e4,6,GifSound,4,1333277530,2,0,Gangsta_Raper
65,1333272954,2012-04-01T16:35:54.393381-07:00,rooof,57,GifSound,8,1333298154,49,0,Gangsta_Raper
40,1333761060,2012-04-07T08:11:00-07:00,rxwjg,17,gifs,23,1333786260,-6,3,Hellothereawesome
104,1335503834,2012-04-27T12:17:14.103167-07:00,svpq7,67,fffffffuuuuuuuuuuuu,37,1335529034,30,12,Coco_32
13,1339160075,2012-06-08T19:54:35.421944-07:00,usmxn,5,funny,8,1339185275,-3,0,DrBis_Do
14,1339407879,2012-06-11T16:44:39.947798-07:00,uwzrd,6,funny,8,1339433079,-2,0,DrBis_Do
20,1339425291,2012-06-11T21:34:51.692933-07:00,uxf5q,9,pics,11,1339450491,-2,0,HadManySons
657,1333172439,2012-03-31T12:40:39.590113-07:00,rmun1,507,funny,150,1333197639,357,622,Animates_Everything
35,1333178161,2012-03-31T14:16:01.093638-07:00,rmun4,29,GifSound,6,1333203361,23,3,Gangsta_Raper
41,1333199913,2012-03-31T20:18:33.192906-07:00,rna86,32,GifSound,9,1333225113,23,0,Gangsta_Raper
10,1333252330,2012-04-01T10:52:10-07:00,ro7e4,6,GifSound,4,1333277530,2,0,Gangsta_Raper
65,1333272954,2012-04-01T16:35:54.393381-07:00,rooof,57,GifSound,8,1333298154,49,0,Gangsta_Raper
40,1333761060,2012-04-07T08:11:00-07:00,rxwjg,17,gifs,23,1333786260,-6,3,Hellothereawesome
104,1335503834,2012-04-27T12:17:14.103167-07:00,svpq7,67,fffffffuuuuuuuuuuuu,37,1335529034,30,12,Coco_32
13,1339160075,2012-06-08T19:54:35.421944-07:00,usmxn,5,funny,8,1339185275,-3,0,DrBis_Do
14,1339407879,2012-06-11T16:44:39.947798-07:00,uwzrd,6,funny,8,1339433079,-2,0,DrBis_Do
20,1339425291,2012-06-11T21:34:51.692933-07:00,uxf5q,9,pics,11,1339450491,-2,0,HadManySons
657,1333172439,2012-03-31T12:40:39.590113-07:00,rmun1,507,funny,150,1333197639,357,622,Animates_Everything
35,1333178161,2012-03-31T14:16:01.093638-07:00,rmun4,29,GifSound,6,1333203361,23,3,Gangsta_Raper
41,1333199913,2012-03-31T20:18:33.192906-07:00,rna86,32,GifSound,9,1333225113,23,0,Gangsta_Raper
10,1333252330,2012-04-01T10:52:10-07:00,ro7e4,6,GifSound,4,1333277530,2,0,Gangsta_Raper
65,1333272954,2012-04-01T16:35:54.393381-07:00,rooof,57,GifSound,8,1333298154,49,0,Gangsta_Raper
40,1333761060,2012-04-07T08:11:00-07:00,rxwjg,17,gifs,23,1333786260,-6,3,Hellothereawesome
104,1335503834,2012-04-27T12:17:14.103167-07:00,svpq7,67,fffffffuuuuuuuuuuuu,37,1335529034,30,12,Coco_32
13,1339160075,2012-06-08T19:54:35.421944-07:00,usmxn,5,funny,8,1339185275,-3,0,DrBis_Do
14,1339407879,2012-06-11T16:44:39.947798-07:00,uwzrd,6,funny,8,1339433079,-2,0,DrBis_Do
20,1339425291,2012-06-11T21:34:51.692933-07:00,uxf5q,9,pics,11,1339450491,-2,0,HadManySons
657,1333172439,2012-03-31T12:40:39.590113-07:00,rmun1,507,funny,150,1333197639,357,622,Animates_Everything
35,1333178161,2012-03-31T14:16:01.093638-07:00,rmun4,29,GifSound,6,1333203361,23,3,Gangsta_Raper
41,1333199913,2012-03-31T20:18:33.192906-07:00,rna86,32,GifSound,9,1333225113,23,0,Gangsta_Raper
10,1333252330,2012-04-01T10:52:10-07:00,ro7e4,6,GifSound,4,1333277530,2,0,Gangsta_Raper
65,1333272954,2012-04-01T16:35:54.393381-07:00,rooof,57,GifSound,8,1333298154,49,0,Gangsta_Raper
40,1333761060,2012-04-07T08:11:00-07:00,rxwjg,17,gifs,23,1333786260,-6,3,Hellothereawesome
104,1335503834,2012-04-27T12:17:14.103167-07:00,svpq7,67,fffffffuuuuuuuuuuuu,37,1335529034,30,12,Coco_32
13,1339160075,2012-06-08T19:54:35.421944-07:00,usmxn,5,funny,8,1339185275,-3,0,DrBis_Do
14,1339407879,2012-06-11T16:44:39.947798-07:00,uwzrd,6,funny,8,1339433079,-2,0,DrBis_Do
20,1339425291,2012-06-11T21:34:51.692933-07:00,uxf5q,9,pics,11,1339450491,-2,0,HadManySons
657,1333172439,2012-03-31T12:40:39.590113-07:00,rmun1,507,funny,150,1333197639,357,622,Animates_Everything
35,1333178161,2012-03-31T14:16:01.093638-07:00,rmun4,29,GifSound,6,1333203361,23,3,Gangsta_Raper
41,1333199913,2012-03-31T20:18:33.192906-07:00,rna86,32,GifSound,9,1333225113,23,0,Gangsta_Raper
10,1333252330,2012-04-01T10:52:10-07:00,ro7e4,6,GifSound,4,1333277530,2,0,Gangsta_Raper
65,1333272954,2012-04-01T16:35:54.393381-07:00,rooof,57,GifSound,8,1333298154,49,0,Gangsta_Raper
40,1333761060,2012-04-07T08:11:00-07:00,rxwjg,17,gifs,23,1333786260,-6,3,Hellothereawesome
104,1335503834,2012-04-27T12:17:14.103167-07:00,svpq7,67,fffffffuuuuuuuuuuuu,37,1335529034,30,12,Coco_32
13,1339160075,2012-06-08T19:54:35.421944-07:00,usmxn,5,funny,8,1339185275,-3,0,DrBis_Do
14,1339407879,2012-06-11T16:44:39.947798-07:00,uwzrd,6,funny,8,1339433079,-2,0,DrBis_Do
20,1339425291,2012-06-11T21:34:51.692933-07:00,uxf5q,9,pics,11,1339450491,-2,0,HadManySons
657,1333172439,2012-03-31T12:40:39.590113-07:00,rmun1,507,funny,150,1333197639,357,622,Animates_Everything
35,1333178161,2012-03-31T14:16:01.093638-07:00,rmun4,29,GifSound,6,1333203361,23,3,Gangsta_Raper
41,1333199913,2012-03-31T20:18:33.192906-07:00,rna86,32,GifSound,9,1333225113,23,0,Gangsta_Raper
10,1333252330,2012-04-01T10:52:10-07:00,ro7e4,6,GifSound,4,1333277530,2,0,Gangsta_Raper
65,1333272954,2012-04-01T16:35:54.393381-07:00,rooof,57,GifSound,8,1333298154,49,0,Gangsta_Raper
40,1333761060,2012-04-07T08:11:00-07:00,rxwjg,17,gifs,23,1333786260,-6,3,Hellothereawesome
104,1335503834,2012-04-27T12:17:14.103167-07:00,svpq7,67,fffffffuuuuuuuuuuuu,37,1335529034,30,12,Coco_32
13,1339160075,2012-06-08T19:54:35.421944-07:00,usmxn,5,funny,8,1339185275,-3,0,DrBis_Do
14,1339407879,2012-06-11T16:44:39.947798-07:00,uwzrd,6,funny,8,1339433079,-2,0,DrBis_Do
20,1339425291,2012-06-11T21:34:51.692933-07:00,uxf5q,9,pics,11,1339450491,-2,0,HadManySons
657,1333172439,2012-03-31T12:40:39.590113-07:00,rmun1,507,funny,150,1333197639,357,622,Animates_Everything
35,1333178161,2012-03-31T14:16:01.093638-07:00,rmun4,29,GifSound,6,1333203361,23,3,Gangsta_Raper
41,1333199913,2012-03-31T20:18:33.192906-07:00,rna86,32,GifSound,9,1333225113,23,0,Gangsta_Raper
10,1333252330,2012-04-01T10:52:10-07:00,ro7e4,6,GifSound,4,1333277530,2,0,Gangsta_Raper
65,1333272954,2012-04-01T16:35:54.393381-07:00,rooof,57,GifSound,8,1333298154,49,0,Gangsta_Raper
40,1333761060,2012-04-07T08:11:00-07:00,rxwjg,17,gifs,23,1333786260,-6,3,Hellothereawesome
104,1335503834,2012-04-27T12:17:14.103167-07:00,svpq7,67,fffffffuuuuuuuuuuuu,37,1335529034,30,12,Coco_32
13,1339160075,2012-06-08T19:54:35.421944-07:00,usmxn,5,funny,8,1339185275,-3,0,DrBis_Do
14,1339407879,2012-06-11T16:44:39.947798-07:00,uwzrd,6,funny,8,1339433079,-2,0,DrBis_Do
20,1339425291,2012-06-11T21:34:51.692933-07:00,uxf5q,9,pics,11,1339450491,-2,0,HadManySons
657,1333172439,2012-03-31T12:40:39.590113-07:00,rmun1,507,funny,150,1333197639,357,622,Animates_Everything
35,1333178161,2012-03-31T14:16:01.093638-07:00,rmun4,29,GifSound,6,1333203361,23,3,Gangsta_Raper
41,1333199913,2012-03-31T20:18:33.192906-07:00,rna86,32,GifSound,9,1333225113,23,0,Gangsta_Raper
10,1333252330,2012-04-01T10:52:10-07:00,ro7e4,6,GifSound,4,1333277530,2,0,Gangsta_Raper
65,1333272954,2012-04-01T16:35:54.393381-07:00,rooof,57,GifSound,8,1333298154,49,0,Gangsta_Raper
40,1333761060,2012-04-07T08:11:00-07:00,rxwjg,17,gifs,23,1333786260,-6,3,Hellothereawesome
104,1335503834,2012-04-27T12:17:14.103167-07:00,svpq7,67,fffffffuuuuuuuuuuuu,37,1335529034,30,12,Coco_32
13,1339160075,2012-06-08T19:54:35.421944-07:00,usmxn,5,funny,8,1339185275,-3,0,DrBis_Do
14,1339407879,2012-06-11T16:44:39.947798-07:00,uwzrd,6,funny,8,1339433079,-2,0,DrBis_Do
20,1339425291,2012-06-11T21:34:51.692933-07:00,uxf5q,9,pics,11,1339450491,-2,0,HadManySons
657,1333172439,2012-03-31T12:40:39.590113-07:00,rmun1,507,funny,150,1333197639,357,622,Animates_Everything
35,1333178161,2012-03-31T14:16:01.093638-07:00,rmun4,29,GifSound,6,1333203361,23,3,Gangsta_Raper
41,1333199913,2012-03-31T20:18:33.192906-07:00,rna86,32,GifSound,9,1333225113,23,0,Gangsta_Raper
10,1333252330,2012-04-01T10:52:10-07:00,ro7e4,6,GifSound,4,1333277530,2,0,Gangsta_Raper
65,1333272954,2012-04-01T16:35:54.393381-07:00,rooof,57,GifSound,8,1333298154,49,0,Gangsta_Raper
40,1333761060,2012-04-07T08:11:00-07:00,rxwjg,17,gifs,23,1333786260,-6,3,Hellothereawesome
104,1335503834,2012-04-27T12:17:14.103167-07:00,svpq7,67,fffffffuuuuuuuuuuuu,37,1335529034,30,12,Coco_32
13,1339160075,2012-06-08T19:54:35.421944-07:00,usmxn,5,funny,8,1339185275,-3,0,DrBis_Do
14,1339407879,2012-06-11T16:44:39.947798-07:00,uwzrd,6,funny,8,1339433079,-2,0,DrBis_Do
20,1339425291,2012-06-11T21:34:51.692933-07:00,uxf5q,9,pics,11,1339450491,-2,0,HadManySons
657,1333172439,2012-03-31T12:40:39.590113-07:00,rmun1,507,funny,150,1333197639,357,622,Animates_Everything
35,1333178161,2012-03-31T14:16:01.093638-07:00,rmun4,29,GifSound,6,1333203361,23,3,Gangsta_Raper
41,1333199913,2012-03-31T20:18:33.192906-07:00,rna86,32,GifSound,9,1333225113,23,0,Gangsta_Raper
10,1333252330,2012-04-01T10:52:10-07:00,ro7e4,6,GifSound,4,1333277530,2,0,Gangsta_Raper
65,1333272954,2012-04-01T16:35:54.393381-07:00,rooof,57,GifSound,8,1333298154,49,0,Gangsta_Raper
40,1333761060,2012-04-07T08:11:00-07:00,rxwjg,17,gifs,23,1333786260,-6,3,Hellothereawesome
104,1335503834,2012-04-27T12:17:14.103167-07:00,svpq7,67,fffffffuuuuuuuuuuuu,37,1335529034,30,12,Coco_32
13,1339160075,2012-06-08T19:54:35.421944-07:00,usmxn,5,funny,8,1339185275,-3,0,DrBis_Do
14,1339407879,2012-06-11T16:44:39.947798-07:00,uwzrd,6,funny,8,1339433079,-2,0,DrBis_Do
20,1339425291,2012-06-11T21:34:51.692933-07:00,uxf5q,9,pics,11,1339450491,-2,0,HadManySons
657,1333172439,2012-03-31T12:40:39.590113-07:00,rmun1,507,funny,150,1333197639,357,622,Animates_Everything
35,1333178161,2012-03-31T14:16:01.093638-07:00,rmun4,29,GifSound,6,1333203361,23,3,Gangsta_Raper
41,1333199913,2012-03-31T20:18:33.192906-07:00,rna86,32,GifSound,9,1333225113,23,0,Gangsta_Raper
10,1333252330,2012-04-01T10:52:10-07:00,ro7e4,6,GifSound,4,1333277530,2,0,Gangsta_Raper
65,1333272954,2012-04-01T16:35:54.393381-07:00,rooof,57,GifSound,8,1333298154,49,0,Gangsta_Raper
40,1333761060,2012-04-07T08:11:00-07:00,rxwjg,17,gifs,23,1333786260,-6,3,Hellothereawesome
104,1335503834,2012-04-27T12:17:14.103167-07:00,svpq7,67,fffffffuuuuuuuuuuuu,37,1335529034,30,12,Coco_32
13,1339160075,2012-06-08T19:54:35.421944-07:00,usmxn,5,funny,8,1339185275,-3,0,DrBis_Do
14,1339407879,2012-06-11T16:44:39.947798-07:00,uwzrd,6,funny,8,1339433079,-2,0,DrBis_Do
20,1339425291,2012-06-11T21:34:51.692933-07:00,uxf5q,9,pics,11,1339450491,-2,0,HadManySons
657,1333172439,2012-03-31T12:40:39.590113-07:00,rmun1,507,funny,150,1333197639,357,622,Animates_Everything
35,1333178161,2012-03-31T14:16:01.093638-07:00,rmun4,29,GifSound,6,1333203361,23,3,Gangsta_Raper
41,1333199913,2012-03-31T20:18:33.192906-07:00,rna86,32,GifSound,9,1333225113,23,0,Gangsta_Raper
10,1333252330,2012-04-01T10:52:10-07:00,ro7e4,6,GifSound,4,1333277530,2,0,Gangsta_Raper
65,1333272954,2012-04-01T16:35:54.393381-07:00,rooof,57,GifSound,8,1333298154,49,0,Gangsta_Raper
40,1333761060,2012-04-07T08:11:00-07:00,rxwjg,17,gifs,23,1333786260,-6,3,Hellothereawesome
104,1335503834,2012-04-27T12:17:14.103167-07:00,svpq7,67,fffffffuuuuuuuuuuuu,37,1335529034,30,12,Coco_32
13,1339160075,2012-06-08T19:54:35.421944-07:00,usmxn,5,funny,8,1339185275,-3,0,DrBis_Do
14,1339407879,2012-06-11T16:44:39.947798-07:00,uwzrd,6,funny,8,1339433079,-2,0,DrBis_Do
20,1339425291,2012-06-11T21:34:51.692933-07:00,uxf5q,9,pics,11,1339450491,-2,0,HadManySons
657,1333172439,2012-03-31T12:40:39.590113-07:00,rmun1,507,funny,150,1333197639,357,622,Animates_Everything
35,1333178161,2012-03-31T14:16:01.093638-07:00,rmun4,29,GifSound,6,1333203361,23,3,Gangsta_Raper
41,1333199913,2012-03-31T20:18:33.192906-07:00,rna86,32,GifSound,9,1333225113,23,0,Gangsta_Raper
10,1333252330,2012-04-01T10:52:10-07:00,ro7e4,6,GifSound,4,1333277530,2,0,Gangsta_Raper
65,1333272954,2012-04-01T16:35:54.393381-07:00,rooof,57,GifSound,8,1333298154,49,0,Gangsta_Raper
40,1333761060,2012-04-07T08:11:00-07:00,rxwjg,17,gifs,23,1333786260,-6,3,Hellothereawesome
104,1335503834,2012-04-27T12:17:14.103167-07:00,svpq7,67,fffffffuuuuuuuuuuuu,37,1335529034,30,12,Coco_32
13,1339160075,2012-06-08T19:54:35.421944-07:00,usmxn,5,funny,8,1339185275,-3,0,DrBis_Do
14,1339407879,2012-06-11T16:44:39.947798-07:00,uwzrd,6,funny,8,1339433079,-2,0,DrBis_Do
20,1339425291,2012-06-11T21:34:51.692933-07:00,uxf5q,9,pics,11,1339450491,-2,0,HadManySons
